Line,Filename
Bramard.,1_scene10_Bramard.mp3
Comment est quoi ? Comment est quoi ? Comment est quoi ?!,1_scene10_Comment est quoi.mp3
J'ai réservé au nom de Bramard.,1_scene10_J'ai réservé au nom de Bramard.mp3
Mais c'est René Coty…,1_scene10_Mais c'est René Coty.mp3
C'est toujours un enchantement de vous voir.,1_scene11_C'est toujours un enchantement de vous voir.mp3
"C'est une arme fiable, ferme et qui a un coefficient de pénétration…","1_scene11_C'est une arme fiable, ferme, et qui a un coefficient de pénétration.mp3"
Ceci est un pistolet.,1_scene11_Ceci est un pistolet.mp3
Comme vous voudrez.,1_scene11_Comme vous voudrez.mp3
"Eh bien comme ça nous sommes quittes, puisque de mon côté, je ne vous ferai pas l'amour.",1_scene11_Et bien comme ça nous sommes quitte puisque de mon côté je ne vous ferez pas l'amour.mp3
Et pourquoi ferais-je ce cadeau ?,1_scene11_Et pourquoi vous ferais-je ce cadeau.mp3
"Faudrait vraiment arrêter avec les noms d'animaux. À force, c'est vexant.","1_scene11_Faudrait vraiment arrêter avec les noms d'animaux, à force c'est vexant.mp3"
Il se charge et se décharge comme ceci. Chargé. Déchargé. Chargé. Déchargé. Chargé… Déchargé.,"1_scene11_Il se charge et se décharge comme ceci, charger, décharger.mp3"
J'aime me battre.,1_scene11_J'aime me battre.mp3
"Maintenant, princesse, dites-moi pourquoi vous tenez tant à cette enveloppe.","1_scene11_Maintenant princesse, dîtes-moi pourquoi vous tenez tant à cette enveloppe.mp3"
"Ah, princesse.","1_scene11_Mouah, princesse.mp3"
"Oh bien sûr, je pourrais me servir de… cet outil.",1_scene11_Oh bien sûr je pourrais me servir de cet outil.mp3
On va dire que c'est moi.,1_scene11_On va dire que c'est moi.mp3
"Oui, très bien, merci. Cependant, je dois vous avouer que j'y ai trouvé un petit peu de désordre. Il y avait une souris sur le lit et un cafard dans le placard.","1_scene11_Oui très bien merci, cependant je dois vous avouer que j'y ai trouvé un peu de désordre, il y avait une souris sur le lit et un cafard dans le placard.mp3"
"Par le passé, il a su faire parler beaucoup de monde. Hommes comme femmes, d'ailleurs.","1_scene11_Par le passé il a su faire parler beacoup de monde, homme comme femme, d'ailleurs.mp3"
"Cela ne changerait rien, vous êtes mon type de femme, Larmina.",1_scene12_Cela ne changerait rien vous êtes mon type de femme Larmina.mp3
Et bien je ne vous laisserais pas conduire. Ça n'a pas de sens.,"1_scene12_Eh bien je ne vous laisserais pas conduire, ça n'a pas de sens.mp3"
Je n'ai jamais pu refuser quoi que ce soit d'une brune aux yeux marrons.,1_scene12_Je n'ai jamais pu refuser quoi que ce soit d'une brune aux yeux marrons.mp3
"Vous étiez belle cette après-midi, vous êtes très belle ce soir. J'attends demain avec impatience.","1_scene12_Vous étiez belle cette après-midi, vous êtes très belle ce soir, j'attend demain avec impatience.mp3"
Ah j'ignorais. Au temps pour moi.,"1_scene13_Ah j'ignorais, autant pour moi.mp3"
"Ha, quelle drôle d'idée.","1_scene13_Ah, quelle drôle d'idée.mp3"
"C'est toi, arrêtez !",1_scene13_C'est toi arrêtez.mp3
Comment être discret avec une femme comme vous ?,1_scene13_Comment être discret avec une femme comme vous.mp3
"Entrez, Larmina. Je vous rejoins.","1_scene13_Entrez Larmina, je vous rejoins.mp3"
"Hé bien, dites-moi, ce que j'y vois me ravit.",1_scene13_Et bien dîtes-moi ce que j'y vois me ravis.mp3
Je ne connais pas cette danse.,1_scene13_Je ne connais pas cette danse.mp3
"Je suis très belle, ce soir. Cette robe épouse parfaitement mes formes somptueuses avec le soupçon de pudeur qui convient.","1_scene13_Je suis très belle ce soir, cette robe épouse parfaitement mes formes somptueuse avec le soupçon de pudeur qui convient.mp3"
Jolie brochette.,1_scene13_Jolie brochette.mp3
Merci.,1_scene13_Merci.mp3
"Pardonnez-moi. Venez, allons nous amuser.","1_scene13_Pardonnez-moi, venez, allons nous amuser.mp3"
Quelle religion peut être assez stupide pour priver ses fidèles d'un plaisir ?,1_scene13_Quelle religion peut-être assez stupide pour priver ces fidèle d'un tel plaisir.mp3
Toute nue ? Je comprends.,1_scene13_Toute nue. Je comprend.mp3
Tu n'en as pas eu assez tout à l'heure ?,1_scene13_Tu n'en a pas eu assez tout à l'heure.mp3
"Une Suze. Vous ne prenez rien ? Guignolet, Dubonnet, Saints-Anneaux, Brandy peut-être ?","1_scene13_Une suze. Vous ne prenez rien. Guignolet, dubonnet, saint zano, brandy peut-être.mp3"
Bah oui c'est moi.,1_scene14_Bah oui c'est moi.mp3
"Dormez, tout va bien.","1_scene14_Dormez, tout va bien.mp3"
Et pour moi un honneur d'avoir un tel guide.,1_scene14_Et pour moi un honneur d'avoir un tel guide.mp3
"L'aveugle ne voit pas, il ressent. Et paradoxalement, il voit.","1_scene14_L'aveugle ne voit pas, il ressent, et paradoxalement il voit.mp3"
Larmina ? C'est moi.,"1_scene14_Larmina, c'est moi.mp3"
Lucien Bramard. Que signifie ce mot ?,"1_scene14_Lucien Bramard, que signifie ce mot.mp3"
"Mais c'est le cycle même de la vie. Lorsque quelqu'un ou quelque chose meure, quelqu'un ou quelque chose naît ailleurs.","1_scene14_Mais c'est le cyle même de la vie, lorsque quelqu'un ou quelque chose meurt, quelqu'un ou quelque chose nait ailleurs.mp3"
"Mais qu'est-ce qui vous prend, mon petit vieux ?",1_scene14_Mais qu'est-ce qu'il vous prend mon petit vieux.mp3
"Merci, j'essaie de commencer.","1_scene14_Merci, j'essaie de commencer.mp3"
Oh mon Dieu !,1_scene14_Oh mon dieu.mp3
"Ah, pardonnez-moi. On n'est jamais trop prudent. Cette ville est un tel nid d'espions…","1_scene14_Pardonnez-moi, on est jamais trop prudent, cette ville est un tel nid d'espion..mp3"
"Plaisir partage, Herr Moeller.",1_scene14_Plaisir partagé Her Muller.mp3
"Quand une femme change d'homme, elle change de coiffure.","1_scene14_Quand une femme change d'homme, elle change de coiffure.mp3"
"Choukran ? Hôtel Metropolitan, s'il vous plaît, choukran.","1_scene14_Shukran, hôtel Metropolitan s'il-vous-plaît, shukran.mp3"
"Un philosophe a dit un jour : ""Le mystère des pyramides, c'est le mystère de la conscience dans laquelle on n'entre pas"".","1_scene14_Un philosophe a dit un jour, le mystère des pyramides c'est le mystère de la conscience dans laquelle on entre pas.mp3"
"Dites-moi Larmina, mon petit. Ça vous embêterait de me déposer à la SCEP, histoire de fouiner un peu ?","1_scene15_Ah dîtes-moi Larmina mon petit, ça vous dérangerait de me déposer à la SCEP, histoire de fouiner un peu.mp3"
"Oh, bonjour Larmina.",1_scene15_Bonjour Larmina.mp3
"Dites-moi, Larmina. Cette nuit, j'ai été réveillé par des cris horribles. Un homme hurlait à la mort de la tour, là-bas. Impossible de dormir. J'ai été obligé de le faire taire.","1_scene15_Dîtes-moi Larmina, cette nuit j'ai été réveillé par des cris horribles. Un homme hurlait à la mort de la tour là-bas, impossible de dormir. J'ai été obligé de le faire taire..mp3"
"Excusez-moi ! Excusez-moi ! Excusez-moi, ho ! Vous me comprenez ou pas s'il vous plait ? C'est pas possible. Le micro, là, c'est vraiment pas possible. Donne-moi ce micro. Ne faites pas l'enfant ! Si ! Donne-moi ce micro !","1_scene15_Excusez-moi, excusez-moi, excusez-moi. Vous m'entendez ou pas s'il-vous-plaît. Le micro c'est vraiment pas possible. Faîtes pas l'enfant. Ne soyez pas ridicule.mp3"
J'ai fait un rêve merveilleux. J'ai rêvé qu'une femme sublime aux yeux marrons m'apportait mon petit-déjeuner au lit.,"1_scene15_J'ai fais un rève merveilleux, j'ai rêvé qu'une femme sublime aux yuex marron m'apportais mon petit déjeuner au lit.mp3"
J'aime me beurrer la biscotte.,1_scene15_J'aime me beurrer la biscotte.mp3
"Ah j'ignorais. C'était donc ça tout ce tintouin, les cris, le micro… D'accord.","1_scene15_J'ignorais, c'était donc ça tout ce tintoin, les cris, le micro, d'accord.mp3"
"Mais il va la fermer, sa gueule !",1_scene15_Mais il va la fermer ça gueule.mp3
"Non, seulement aux femmes sublimes aux yeux marrons qui m'apportent mon petit-déjeuner au lit.","1_scene15_Non, seulement aux femmes sublimes aux yeux marrons qui m'apportent mon petit déjeuner au lit.mp3"
"Hmm… On m'enlèvera pas l'idée que c'est une curieuse religion. À mon avis, vous allez vite vous en lasser. Je ne lui prédis pas un grand avenir.","1_scene15_On m'enlèvera pas à l'idée que c'est une curieuse religion. A mon avis vous allez vite vous en lasser, je ne lui prédis pas un grand avenir.mp3"
"Oui, très bien, merci.",1_scene15_Oui très bien merci.mp3
"Wahed, zouj, tlata, rabâ, khamssa.",1_scene16_1 2 3 4 5.mp3
"Hmm… Ça me sert à rien. Sauf si je dois compter jusqu'à cinq. Et là en revanche, ça pourrait me servir.","1_scene16_Ca me sert à rien, sauf si je dois compter jusqu'à 5, et là en revanche ça pourrait me servir.mp3"
"Ça va. Ah, quel con, quel con…","1_scene16_Ca va, quel con, quel con.mp3"
Ça veut dire quoi ?,1_scene16_Ca veut dire quoi.mp3
Combien tu as d'enfants ? Huit ? Neuf ?,"1_scene16_Combien tu as d'enfants, 8, 9.mp3"
"Bon… Et bien je vous dis à tout à l'heure, Lar…",1_scene16_Et bien je vous dis à tout à l'heure.mp3
"Grand Dieu ! Fondouk, ça vous dit quelque chose ?","1_scene16_Grand dieu, Fondouc, ça vous dis quelque chose.mp3"
Il est cinq heures ? Ça passe à une vitesse…,"1_scene16_Il est 5h, ça passe à une vitesse.mp3"
"Il ne faut pas que je dépasse cinq, car je ne connais pas six. Je suis battu…","1_scene16_Il ne faut pas que je dépasse 5 car je ne connais pas 6, je suis battu.mp3"
Il serait bon que vous m'appreniez  deux-trois rudiments d'arabe pour ce soir. Que je passe inaperçu.,"1_scene16_Il serait bon que vous m'appreniez 2 3 rudiments d'arabes pour ce soir, que je passe inaperçu.mp3"
"Je crois qu'il faut tenter le coup. Le jeu en vaut la chandelle, Larmina. Oui, le jeu en vaut la chandelle.","1_scene16_Je crois qu'il faut tenter le coup, le jeu en vaut la chandelle, oui, le jeu en vaut la chandelle.mp3"
Je croyais que ça devait piquer.,1_scene16_Je croyais que ça devait piquer.mp3
Ne perdons pas de temps avec ces bêtises.,1_scene16_Ne perdons pas de temps avec ces bétises..mp3
"Oui, non tu peux rentrer chez toi, brave Slimane.",1_scene16_Oui non tu peux rentrer chez toi brave Slimane..mp3
Quel dommage. Ça aurait pu être un indice.,"1_scene16_Quel dommage, ça aurait pu être un indice.mp3"
Rien d'autre ? Rien de spécial ?,"1_scene16_Rien d'autre, rien de spécial.mp3"
Tout ça ne me plaît guère. Déjà que les comptes ne sont pas brillants. Nous avons perdu vingt-cinq poulets dans cette affaire.,"1_scene16_Tout ça ne plaît guère, déjà que les comptes sont pas brillants, nous avons perdu 25 poulets dans cette affaire..mp3"
"Tu embrasses toute ta famille pour moi, d'accord ?",1_scene16_Tu embrasses toute ta famille pour moi d'accord.mp3
Tu les embrasses quand même.,1_scene16_Tu les embrasses quand même.mp3
Vous avez raison. C'est exactement ce que je pense.,"1_scene16_Vous avez raison, c'est exactement ce que je pense.mp3"
[Coup] Wahed. [Coup] Zouj. [Coup] Tlata. [Coup] Rabâ. [Coup] Khamssa. [Coup] Six. [Coup],1_scene17_1 2 3 4 5 6 fouet.mp3
"À bientôt, Larmina. Inch Allah.",1_scene17_A bientôt Larmina Inch'Allah.mp3
"Ah, c'est vrai. J'allais oublier.","1_scene17_Ah, c'est vrai j'allais oublier.mp3"
Allahu Akbar !,1_scene17_Allah Akbar.mp3
"Bien, j'y vais. Vous faites quoi, vous ? Je plaisante.","1_scene17_Bien, j'y vais, vous faîtes quoi vous. Je plaisante.mp3"
"Bien, je… Je monte dans ma chambre.","1_scene17_Bien, je monte dans chambre.mp3"
Bonsoir. Euh… Pas de messages ? Messages ?,"1_scene17_Bonsoir, pas de messages.mp3"
"Comment avez-vous pu me trahir ainsi ? Je n'aurais jamais dû vous faire confiance. On ne devrait jamais faire confiance à une femme, d'ailleurs.","1_scene17_Comment avez vous pu me trahir ainsi, je n'aurez jamais dû vous faire confiance. On ne devrait jamais faire confiance à une femme d'ailleurs.mp3"
"Dommage qu'eux ne soient pas comme vous. Si tous les hommes avaient des formes aussi prodigieuses que les vôtres, je virerais sûrement ma cutille.","1_scene17_Dommage, qu'eux ne soient pas comme vous, si tous les hommes avaient des formes aussi prodigieuses que les votres, je virerai surement ma cuti.mp3"
"Détache-moi et je te garantis que je vais te faire tâter de ma superbe, fidèle.","1_scene17_Détache moi et je te garanti que je vais te faire tater de ma superbe, fidèle.mp3"
Je commence par qui ?,1_scene17_Je commence par qui.mp3
Je fuis les lieux touristiques. Votre café m'a paru authentique et la carte alléchante.,"1_scene17_Je fuis les lieux touristiques, votre café m'a paru autentique et la carte alléchante.mp3"
"Je n'arrive pas à y croire. Vous, vos cigarettes, votre mambo, vos nichons dans cette bande de fanatiques ! C'est…","1_scene17_Je n'arrive pas à y croire, vous, vos cigarettes, votre mambo, vos nichons, dans cette bande de fanatiques.mp3"
Mais pas du tout. Je suis prêt à vous dire au revoir un par un.,"1_scene17_Mais pas du tout, je suis prêt à vous dire au revoir un par un.mp3"
Mais vous n'êtes pas comme ces hommes.,1_scene17_Mais vous n'êtes pas comme ces hommes.mp3
"Messieurs, il n'est de bonne société qui ne se quitte.","1_scene17_Messieurs, il n'est de bonne société qui ne se quitte.mp3"
Moi qui pensais même vous… laisser faire l'amour avec moi. Nous voilà bien lotis.,"1_scene17_Moi qui pensais même vous laisser faire l'amour avec moi, me voilà bien loti.mp3"
"Oui, mais je suis libre.","1_scene17_Oui, mais je suis libre.mp3"
"Si tous les hommes avaient ces seins rebondis, ce sillon mammaire impeccablement dessiné, ces tétons qui pointent à la moindre émotion, à la moindre brise, ces tétons que l'on a envie de mordiller, ces mamelons roses de vie, gorgés d'envie…","1_scene17_Si tous les hommes avaient seins rebondis, sillon mammaire impeccablement dessiné.mp3"
"Très bien, je commence par qui ?","1_scene17_Très bien, je commence par qui.mp3"
À notre empire colonial !,1_scene18_A notre empire colonial.mp3
"Ah oui, bien sûr. Non, je… Je ne sais toujours pas qui a fait ça. Et crois-moi que si je le savais…","1_scene18_Ah oui bien sûr, non je ne sais toujours pas qui a fait ça, crois moi que si je le savais.mp3"
C'est drôle.,1_scene18_C'est drôle.mp3
Code rouge.,1_scene18_code rouge.mp3
"Décidément, je suis abonné aux pochettes d'allumettes. Celle-ci, je l'ai trouvé sur mon jeteur de poule. Elle m'a amenée directement chez les… Chez les… Les Aigles de…","1_scene18_Décidément je suis abonné aux pochettes d'allumettes, celle-ci je l'ai trouvé sur mon jeteur de poules, elle m'a amené directement chez les.mp3"
C'est… Il faut juste réfléchir et ne pas s'éparpiller.,1_scene18_Faut juste réfléchir et ne pas s'éparpiller.mp3
"Inch Allah, Plantieux.",1_scene18_Inch'Allah Plantieux.mp3
"J'ai refait les comptes, c'est pas brillant-brillant. Mais il y a du potentiel. Rends-toi compte, Plantieux. Il y a deux ans, notre concurrent, la SBEP, avait 85% du marché local. Depuis, nous sommes passés devant.","1_scene18_J'ai refais les comptes c'est pas brillant brillant, depuis nous sommes passé devant.mp3"
"J'en suis nulle part. J'ai fouillé la SCEP, je n'ai rien trouvé. Si ce n'est des documents sur l'élevage de poulets.","1_scene18_J'en suis nul part, j'ai fouillé la Scep, je n'ai rien trouvé, si ce n'est des documents sur l'élevage de poulet.mp3"
"Hmm, d'accord.","1_scene18_Mmmh, d'accord.mp3"
"Oui, je me suis retrouvé au milieu d'une foule qui appelait à la révolution. Maintenant qu'ils vont avoir des armes…",1_scene18_Ouai je me suis retrouvé au milieu d'une foule qui appelait à la révolution maintenant qu'ils vont avoir des armes.mp3
Oui.,1_scene18_Oui.mp3
"Plantieux, que c'est bon de te voir !","1_scene18_Plantieux, que c'est bon de te voir.mp3"
Qu'est-ce que… Qu'est-ce que tu m'as dit… de faire avant le hammam ?,1_scene18_Qu'est-ce que tu m'a dis de faire avant le Hammam.mp3
Trop longtemps.,1_scene18_Trop longtemps.mp3
"Bah rien que le canal, plaît-il. S'il y avait pas les français et les englishs pour le tenir, quand on voit le bazar que c'est dans la rue…","1_scene19_Bah rien que le canal plaît-il, si il n'y avait pas les français et les anglais pour le tenir, quand on voit le bazar que c'est dans la rue.mp3"
"C'est joli, ces fontaines, là.",1_scene19_C'est joli ces fontaines là.mp3
"Et bien dans ce cas, c'est avec plaisir que je me remets à fumer. Allah y'rhem al'walladin.","1_scene19_Et bien dans ce cas c'est avec plaisir que je me remets à fumer, arabe.mp3"
"Et elle gueule, mon vieux. On dirait une poissonnière de Ménilmontant !",1_scene19_Et elle gueule mon vieux on dirait une poissonière de MénilMontant.mp3
J'aime le bruit blanc de l'eau.,1_scene19_J'aime le bruit blanc de l'eau.mp3
"La famille royale est peut-être dégénérée, mais je peux vous assurer que la princesse Al Tarouk vaut le détour. Et je peux vous dire que quand elle s'affaire, elle laisse son sang royal au vestiaire.","1_scene19_La famille royale est peut-être dégénérées, elle laisse son sang royal au vestiaire.mp3"
"Moi je suis dans le poulet. Et ben je vois rien qu'au niveau du poulet, c'est un bordel… On n'a jamais les bons papiers…","1_scene19_Moi je suis dans le poulet, et bah je vois rien qu'au niveau du poulet c'est un bordel.mp3"
Moi je vous dis ça en toute amitié.,1_scene19_Moi je vous dis ça c'est en toute amitié.mp3
Cela m'a paru tout naturel.,1_scene19_Oh cela m'a paru tout naturel.mp3
"On est en 1955, les gars, faut se réveiller. Les ânes partout, les djellabas, l'écriture illisible… Pouah… Hmm ?","1_scene19_On est en 1955 les gars, faut se réveiller, les ânes partout, les djellaba, l'écriture illisible tout ça.mp3"
Qu'est-ce qu'il y a ? Qu'est-ce que j'ai dit ?,1_scene19_Qu'est-ce qu'il y a qu'est-ce que j'ai dis.mp3
Il s'agirait de grandir. Il s'agirait de grandir…,"1_scene19_S'agirait de grandir, s'agirait de grandir.mp3"
"Sinon… Sinon, pour revenir à ce que vous disiez sur la situation de l'Égypte. Développement, modernité, moi je veux bien, mais enfin… S'il y avait pas les Occidentaux…","1_scene19_Sinon pour revenir sur ce que vous disiez sur la situation en égypte, développement, modernité moi je veux bien, mais bon, si il n'y avait pas les occidentaux.mp3"
"Ah oui, exactement comme moi !",1_scene1_Ah oui exactement comme moi.mp3
"Oh, sinon ?",1_scene1_Ah...Sinon.mp3
"Alors, allons redresser cet avion.",1_scene1_Alors allons redresser cet avion.mp3
"Auf wiedersehen, Herr Colonel !","1_scene1_Auf Wierdersehen, er colonel.mp3"
C'est peut-être ça que vous cherchez ?,1_scene1_C'est peut être ça que vous cherchez.mp3
Ça va Jack ?,1_scene1_ca va jack.mp3
Ce qu'il y a dans la serviette. Les plans du V2.,"1_scene1_Ce qu il y a dans la serviette, les plans du v2.mp3"
Et merci d'avoir choisi OSS 117 Airways.,1_scene1_Et merci d'avoir choisi oss117 airways.mp3
"Il y a tout de même quelque chose qui me turlupine, Jack.",1_scene1_Il y tout de même quelque chose qui me turlupine jack.mp3
OSS 117. Pour vous servir.,"1_scene1_OSS117, pour vous servir.mp3"
rire1,1_scene1_rire1.mp3
Une réponse.,1_scene20_1 réponse.mp3
Deux réponses.,1_scene20_2 réponses.mp3
"Ah oui, c'est… C'est étonnant.",1_scene20_Ah oui c'est étonnant.mp3
Hmm… C'est délicieux… Hmm…,1_scene20_C'est délicieux.mp3
C'est tonique.,1_scene20_C'est tonique.mp3
Demain.,1_scene20_Demain.mp3
"En tout cas, on peut dire que le soviet éponge.",1_scene20_En tout cas on peut dire que le sovièt éponge.mp3
Et trois réponses.,1_scene20_Et trois réponses.mp3
J'aime quand on m'enduit d'huile.,1_scene20_J'aime quand on m'enduit d'huile.mp3
Jack est en rendez-vous à l'extérieur.,1_scene20_Jack est en rendez-vous à l'extérieur.mp3
Kapov. Ça vous dit quelque chose ?,"1_scene20_Kapov, ça vous dit quelque chose.mp3"
"Ma seule préoccupation, Setine, est de développer mon activité poulets.",1_scene20_Ma seule préoccupation Sétine est de développer mon activité poulet.mp3
Mon ambition est d'attaquer le marché syrien et jordanien.,1_scene20_Mon ambition est d'attaqué le marché Syrien et Jordanien.mp3
"Ah. Bonsoir, Moeller.",1_scene20_Oh bonsoir Muller.mp3
"Si vous passez par la SCEP, j'aime autant. J'ai encore un petit peu de travail.","1_scene20_Oh, si vous passez par la SCEP j'aime autant, j'ai encore un petit peu de travail.mp3"
"Oui, avec plaisir.",1_scene20_Oui avec plaisir.mp3
Que voulez-vous Moeller ?,1_scene20_Que voulez-vous Muller.mp3
"Ah oui d'accord, je vois très bien. Absolument. Oui, oui.","1_scene21_Ah bah d'accord, je vois très bien oui oui.mp3"
"Ah, c'est lui ?",1_scene21_Ah c'est lui.mp3
"C'est ça, absolument. Un grand brun.","1_scene21_C'est ça absolument, un grand brun.mp3"
Ce n'était sans doute pas un banal incident de Jokari.,1_scene21_Ce n'était sans dout pas un banal accident de jokari.mp3
Cette intimité soudaine me convient très bien. J'avais deux-trois questions à vous poser.,"1_scene21_Cette intimité soudaine me convient très bien, j'avais 2 3 questions à vous poser.mp3"
Comment vont vos amis les Aigles de Khéops ?,1_scene21_Comment vont vos amis les aigles de Kheops.mp3
Et bien non. Je m'en moque comme d'une guigne.,1_scene21_Et bien non je m'en moque comme d'une guigne.mp3
Faites ce que vous voulez. Je n'ai aucune attirance pour cette femme.,"1_scene21_Faîtes ce que vous voulez, je n'ai aucune attirance pour cette femme.mp3"
"Grands dieux, mais qu'est-ce que…",1_scene21_Grand dieu mais qu'est-ce que.mp3
Il avait les plans du V2.,1_scene21_Il avait les plans du V2.mp3
"J'aurais dû m'en douter. Tu n'es pas seulement un lâche, tu es un traître. Comme ta petite taille le laissait deviner.","1_scene21_J'aurais dû m'en douter, tu n'es pas seulement un lâche tu es un traître comme ta petite taille le laissait deviner.mp3"
Je n'ai jamais dit cela.,1_scene21_Je n'ai jamais dis cela.mp3
Je ne vois pas.,1_scene21_Je ne vois pas.mp3
"Je ne vous ai pas sauvée. Je ne supportais pas les allégations de ce fasciste sur ma sexualité, c'est différent.","1_scene21_Je ne vous ai pas sauvé, je ne supportais pas les allégations de ce fasciste sur ma sexualité c'est différent.mp3"
"Je ne vous dirai rien, Moeller. Le Troisième Reich et l'idéologie nazie m'ont toujours rendu… dubitatif.","1_scene21_Je ne vous direz rien Muller, le 3ème Reich et l'idéologie nazi m'ont toujours rendu, dubitatif.mp3"
"Je vais vous avouer une chose, Moeller. J'ai tué tellement de nazis que je n'ai vraiment pas eu le temps de compter. En revanche, j'y ai pris toujours beaucoup de plaisir.","1_scene21_Je vasi vous avouer une chose Muller, j'ai tué  tellement de nazis que n'ai vraiment pas eu le temps de compter, en revanche j'y ai toujours pris beaucoup de plaisir.mp3"
"Ma chère, quand on s'intéresse à une culture, on en apprend la langue. En l'occurrence, il s'agit de hiéroglyphes.","1_scene21_Ma chère quand on s'intéresse à une culture, on en apprend la langue, en l'occurence il s'agit de hyèroglyphes.mp3"
"Ma foi je ne sais pas du tout, là. Rien, non ?","1_scene21_Ma foi je ne sais pas du tout là, rien non.mp3"
Mademoiselle El Akmar Betouche ne fait plus partie de la SCEP.,1_scene21_Mademoiselle Elek Marbeltouch ne fait plus parti de la SCEP.mp3
"Ne pleurez pas, Larmina. Cherchez plutôt à qui profite le crime.","1_scene21_Ne pleurez pas Larmina, cherchez plutôt à qui profite le crime.mp3"
"Non, arrêtez. Alors là, c'est n'importe quoi. Alors là, n'importe quoi.","1_scene21_Non, arrêtez alors là c'est n'importe quoi.mp3"
"Non, je l'ignorais.","1_scene21_Non, je l'ignorais.mp3"
"Mon Dieu, mais alors c'est vous qui avez tué Jefferson pour me…",1_scene21_Oh mon dieu mais alors c'est vous qui avez tué Jefferson.mp3
"Oui, bon, mais moi je l'ignorais ! Et je préfère, d'ailleurs.","1_scene21_Oui bon mais moi je l'ignorais, et je préfère d'ailleurs.mp3"
"Oui oui, Herman, absolument. Belle mission, d'ailleurs.","1_scene21_Oui Hermann absolument, belle mission d'ailleurs.mp3"
"Oui, on lui a pris les plans et on les a donnés aux Américains.",1_scene21_Oui on lui a prit les plans et on les a donnés aux américains.mp3
"Où m'emmenez-vous, Moeller ?",1_scene21_Où m'emmenez-vous Muller.mp3
"Pour moi, un homme doit aller avec une femme. Le reste, c'est de la perversion, de la maladie mentale. N'en parlons plus.","1_scene21_Pour moi un homme doit aller avec une femme, le reste c'est de la perversion de la maladie mentale, n'en parlons plus.mp3"
"Qu'est-ce que c'est que cette mascarade, Moeller ?",1_scene21_Qu'est-ce que c'est que cette mascarade Muller.mp3
"Que savez-vous du Kapov et qu'est-il arrivé à Jefferson, Moeller ?",1_scene21_Ques savez-vous du Kapov et qu'est-il arrivé à Jefferson Muller.mp3
Quoi kiki ? Quel kiki ?,"1_scene21_Quoi kiki, quel kiki.mp3"
Sympathique.,1_scene21_Sympathique.mp3
Une bonne cause ? Qui leur a valu de me jeter au fond du canal de Suez au milieu d'une forêt de squelettes.,1_scene21_Une bonne cause qu'il leur value de me jeter au fond du canal de Suèz au milieu d'une forêt de squelettes.mp3
"Venez, nous avons une grosse heure de dromadaire.","1_scene21_Venez, nous avons une grosse heure de dromadaire.mp3"
Voici le Jokari que j'y ai trouvé autour du cou de votre père.,1_scene21_Voici le jokari que j'y ai trouvé autour du coup de votre père.mp3
"Votre père était influent, un saint-homme.","1_scene21_Votre père était influent, un saint homme.mp3"
"Calmez-vous, Larmina. On ne tue pas les gens comme ça sur un coup de tête.",1_scene22_Calmez-vous Larmina on ne tue pas les gens comme ça sur un coup de tête.mp3
Certainement pas. Vous avez pris assez de risques comme ça.,"1_scene22_Certainement pas, vous avez couru assez de risques comme ça.mp3"
Comment s'appelle cette guitare en forme de gros tourteau fromager ?,1_scene22_Comment s'appelle cette guitare en forme de gros tourteau fromager.mp3
Début musique bambino,1_scene22_Début musique bambino.mp3
"Décidément, entre mon lanceur de poules, mon vendeur d'armes et mon tueur d'english…","1_scene22_Décidément entre mon lanceur de poule, mon vendeur d'armes et mon tueur d'anglais.mp3"
"Écoutez, Larmina, je vais vous donner mon sentiment. Jack avait peut-être appris que le Kapov était chargé d'armes, et ces armes intéressent sans doute aussi la princesse. Quant aux armes des Aigles de Khéops, ce sont sans doute les mêmes armes.","1_scene22_Ecoutez Larmina, je vais vous donner sentiment. Jack peut-être apprit Kapov chargé d'armes,ce sont sans doute les mêmes armes.mp3"
"Écoutez, Larmina. Les Aigles de Khéops vont avoir des armes, et d'un autre côté, le soviet Setine m'a dit que le Kapov avait disparu avec sa cargaison d'armes. Je trouve que cela fait beaucoup d'armes en même temps.","1_scene22_Ecoutez Larmina, les aigles de Kheops vont avoir des armes, et d'un autre côté le sovièt Sétine cela fait beaucoup d'armes en même temps.mp3"
Encore une djellaba ?,1_scene22_Encore une djellaba.mp3
Flatteuse.,1_scene22_Flatteuse.mp3
"Il faut absolument intervenir avant que l'imam ait pris possession des armes, je file","1_scene22_Il faut absolument intervenir avant que l'Immam est prit possession des armes, je file.mp3"
Je connais pas le terme arabe.,1_scene22_Je ne connais pas le terme arabe.mp3
"Jefferson est tué, et qu'est-ce qu'il avait noté sur une pochette d'allumettes ? ""Kapov"".","1_scene22_Jefferson est tué, et qu'est-ce qu'il avait noté sur une pochette d'allumette. Kapov.mp3"
"Larmina, vous allez inviter le vieux fou du Fondouk.",1_scene22_Larmina vous allez inviter le vieux fou du Fonduc.mp3
Mais quel rapport avec la princesse ?,1_scene22_Mais quel rapport avec la princesse.mp3
Moi je ne suis pas désolé. Ce que j'ai vu ce soir-là justifie toutes les tortures.,"1_scene22_Moi je ne suis pas désolé, ce que j'ai vu ce soir là justifie toutes tortures.mp3"
Même si la pire des tortures fut de ne pas en voir plus.,1_scene22_Même si la pire des tortures fut de ne pas en voir plus.mp3
"Non, Larmina, vous êtes charmante, mais je pense qu'il s'agit plutôt d'une seule et même personne.",1_scene22_Non Larmina vous êtes charmante mais je pense qu'il s'agit plutôt d'une seule et même personne.mp3
"Oh mon Dieu, les poules !",1_scene22_Oh mon dieu les poules.mp3
"Oui, je crois que mon raisonnement tient bon.",1_scene22_Oui je crois que mon raisonnement tient bon.mp3
Possible. Il y a des choses troublantes dans cette affaire.,"1_scene22_Possible, il y a des choses troublantes dans cette affaire.mp3"
Sinon je vous le note. Moi ça me prend deux minutes et après je suis tranquille.,"1_scene22_Sinon je vous le note, moi ça me prend 2 minutes et après je suis tranquille.mp3"
"Sûre ? Parce que si vous n'êtes pas sûre, il faut le dire, Larmina. Il n'y a pas de honte à ne pas savoir.","1_scene22_Sûr. Non parce que si vous n'êtes faut le dire Larmina, il n'y a pas de honte à ne pas savoir.mp3"
Une djellaba pour trois personnes ?,1_scene22_Une djellaba pour 3 personnes.mp3
Voilà ce que nous allons faire.,1_scene22_Voilà ce que nous allons faire.mp3
Vous allez l'inviter à prendre un verre ici ce soir et tenter de lui tirer les vers du nez.,1_scene22_Vous allez l'inviter à prendre un verre ici ce soir et tenter de lui tirer les vers du nez.mp3
"Vous allez prévenir Gilbert Plantieux à l'ambassade de France. Vous lui direz que le lanceur de poules, le vendeur d'armes et le tueur d'english, c'est le même homme.","1_scene22_Vous allez prévenir Gilbert Pontu à l'ambassade de France. Vous lui direz que le lanceur de poule, le vendeur d'armes et le tueur de l'anglais, c'est le même homme.mp3"
Vous vous souviendrez ?,1_scene22_Vous vous souviendrais.mp3
Vous voyez ce groupe de musiciens folklorique ?,1_scene22_Vous voyez ce groupe de musicien folklorique.mp3
"Ḥabit twazwaz yâ l-bulbul, bambino, musique","1_scene22_Ḥabit twazwaz yâ l-bulbul, bambino, musique.mp3"
Donner la SCEP ? Jamais. Plutôt mourir.,"1_scene23_Donner la SCEP, jamais, plutôt mourir.mp3"
"Fonce, Slimane, fonce ! FONCE !","1_scene23_Fonce Slimane, fonce.mp3"
Mais je l'ai chéri.,1_scene23_Je l'ai chéri.mp3
"Je ne te punirai pas, Slimane. Je pense que tu as compris la leçon. Je me trompe ?","1_scene23_Je ne te punirais pas Slimane, je pense que tu as compris la leçon, je me trompe.mp3"
Le président Coty… Comment oses-tu…,"1_scene23_Le président Coty, comment oses-tu.mp3"
"Merci, Slimane. Brave pilier de la SCEP.","1_scene23_Merci Slimane, brave pilier de la SCEP.mp3"
"N'insistez pas, Pelletier, vous n'aurez rien. Woualou.","1_scene23_N'insistez pas Pelletier vous n'aurez rien, wallou.mp3"
"Que voulez-vous, Pelletier ? Savoir où est le Kapov ? Les armes ? Jefferson ?","1_scene23_Que voulez-vous Pelletier, savoir où est le Kapov, les armes, Jefferson.mp3"
"Si c'est pour garder mes poules, oui.","1_scene23_Si c'est pour garder mes poules, oui.mp3"
"Ta pudeur t'honore, Slimane.",1_scene23_Ta pudeur t'honore Slimane.mp3
"Tiens, tu achèteras des chaussures à tes enfants.","1_scene23_Tiens, tu achèteras des chaussures à tes enfants.mp3"
"Toi, mon brave contremaître ?",1_scene23_Toi mon brave contre-maître.mp3
"Tu vois, Slimane, voilà pourquoi Pelletier a perdu ses marchés. Du matériel mal entretenu, donc des produits de mauvaise qualité.","1_scene23_Tu vois Slimane, voilà pourquoi Pelletier a perdu ses marchés, du matériel mal entretenu, donc des produits de mauvaise qualité.mp3"
"Ah, c'est lui, d'accord.",1_scene24_Ah c'est lui d'accord.mp3
"Ah oui, comme quoi ?",1_scene24_Ah oui comme quoi.mp3
Stop !,1_scene24_Ah stop.mp3
"Bon, ça suffit.",1_scene24_Bon ça suffit.mp3
"Ça suffit, maintenant !",1_scene24_Ca suffit maintenant.mp3
"En plus, j'étais sûr que tu étais mort.",1_scene24_Et en plus j'étais sûr que tu étais mort.mp3
"Oh, ils m'ont trouvé immangeable. Trop de muscles. Trop de nerfs.","1_scene24_Ils m'ont trouvé immangeable, trop de muscles, trop de nerfs.mp3"
J'ai dit ça suffit !,1_scene24_J'ai dis ça suffit.mp3
JACK !,1_scene24_Jack.mp3
"Jamais je n'aurais pu imaginer que tu étais encore vivant. D'ailleurs, je pensais que tu étais mort.","1_scene24_Jamais je n'aurez pu penser que tu étais vivant, d'ailleurs je pensais que tu étais mort.mp3"
"Je ne vous remercierai jamais assez. Là, choukran.","1_scene24_Je ne vous remercierais jamais assez, la shukran.mp3"
Je vous avais prévenu.,1_scene24_Je vous avez prévenu.mp3
"Larmina, je voulais vous dire, j'ai… J'ai peut-être pu vous choquer à deux-trois reprises. Si. Si. Au moins deux fois. Mon obsession pour les automobiles propres et le fait que je ne fume pas, j'ai bien conscience que cela a pu vous heurter.","1_scene24_Larmina, je voulais vous dire, j'ai peut-être pu choquer à 2 3 reprises,  j'ai bien conscience cela ai pu vous heurter.mp3"
"Le calme va régner sur votre pays pour des siècles, maintenant.",1_scene24_Le calme va régner sur votre pays pour des siècles maintenant.mp3
Le mambo !,1_scene24_Le mambo.mp3
"Mais pourquoi tu fais ça, Jack ?",1_scene24_Mais pourquoi tu fais ça Jack.mp3
Mon ami. Mon frère.,"1_scene24_Mon ami, mon frère.mp3"
"Ne bougez pas, vieux fou !",1_scene24_Ne bougez pas vieux fou.mp3
Oh mon Dieu…,1_scene24_Oh mon dieu.mp3
Oui mais toi tu n'es pas mort.,1_scene24_Oui mais toi tu n'es pas mort.mp3
"Quoi qu'il en soit, grâce à vous, j'ai vraiment appris une chose.",1_scene24_Quoi qu'il en soit grâce à vous j'ai vraiment appris une chose.mp3
"Rire, 23-0 ! C'est la piquette, Jack ! Tu sais pas jouer, Jack ! T'es mauvais !","1_scene24_Rire, 23 à 0, c'est la piquette Jack, tu sais pas jouer Jack, t'es mauvais.mp3"
"Hahahaha, Jack ! Jack…","1_scene24_Rire, Jack, Jack.mp3"
Tu n'es pas mort ?,1_scene24_Tu n'est pas mort.mp3
"Voilà, Larmina. Tout est apaisé.","1_scene24_Voilà Larmina, tout est apaisé.mp3"
"Vous avez vu, Larmina ? Il n'est pas mort.",1_scene24_Vous avez vu Larmina il n'est pas mort.mp3
"Ah, à la bonne heure ! Ce sera l'occasion de reprendre l'avion.",1_scene25_A la bonne heure ce sera l'occasion de reprendre l'avion.mp3
Elle est bonne.,1_scene25_Elle est bonne.mp3
"Vous savez, les Occidentaux sont appréciés partout à condition qu'ils y mettent un peu du leur.",1_scene25_Les occidentaux sont appréciés partout à condition qu'ils y mettent un peu du leur.mp3
Mademoiselle.,1_scene25_Mademoiselle.mp3
Mais je n'ai jamais fait cela !,1_scene25_Mais je n'ai jamais fais cela.mp3
"Merci, mademoiselle.",1_scene25_Merci mademoiselle.mp3
"Oh, je n'ai fait que mon devoir.","1_scene25_Oh, je n'ai fais que mon devoir.mp3"
Quel pataquès…,1_scene25_Quel patacaisse.mp3
Quoi donc ?,1_scene25_Quoi dont.mp3
Vous n'avez pas parlé du kiki à Coty ?,1_scene25_Vous n'avez pas parlé du kiki à Coty.mp3
À votre service.,1_scene2_A votre service.mp3
Bâillonnée ?,1_scene2_Baillonnée.mp3
"Commençons tranquillement, voulez-vous ? Avant de corser les choses.","1_scene2_commencons tranquillement voulez vous, avant de corser les choses.mp3"
"Je le sais, ça.",1_scene2_Je le sais ça hein.mp3
Je n'ai pas aimé le truc sur les vaches.,1_scene2_Je n'ai pas aimé le truc sur les vaches.mp3
Journaliste libanaise en poste à Rome.,1_scene2_Journaliste libanaise en poste à Rome.mp3
"Mais la princesse Al Tarouk, la nièce du souverain d'Égypte Farouk.","1_scene2_Mais la princesse Al'Tarouk, la nièce du souverain d'Egypte Farouk.mp3"
"Moi aussi, je sais qui vous êtes.",1_scene2_Moi aussi je sais qui vous êtes.mp3
On verra cela.,1_scene2_On verra cela.mp3
"Oui, mais dépêchons-nous, je n'ai que quelques heures.",1_scene2_Oui mais dépéchons nous je n'ai que quelques heures.mp3
Pas envie. Hmm…,1_scene2_Pas envie....mp3
"Quoi qu'il en soit, princesse.",1_scene2_Quoi qu'il en soit princesse.mp3
Tiens donc…,1_scene2_Tiens donc.mp3
"Vous avez quelque chose, là, dont j'ai un grand besoin.",1_scene2_Vous avez quelque chose là dont j'ai un grand besoin.mp3
Vous n'êtes pas Djamila Narubi.,1_scene2_Vous n'êtes pas Jamila Narubi.mp3
Vous êtes bien grossière pour une femme dont le tonton est pharaon.,1_scene2_Vous êtes bien grossière pour une femme dont le tonton est pharaon.mp3
Arabo ?,1_scene3_Arabo.mp3
Comment est votre blanquette ?,1_scene3_Comment est votre blanquette.mp3
Comptez sur moi.,1_scene3_Comptez sur moi.mp3
Deux blanquettes et un pot de brouillis.,1_scene3_Deux blanquettes et un pot de brouille.mp3
Jack1,1_scene3_Jack1.mp3
Jack2,1_scene3_Jack2.mp3
Jack3,1_scene3_Jack3.mp3
Joli cocktail.,1_scene3_Joli cocktail.mp3
Le président Coty ?,1_scene3_Le président Coty.mp3
Les ?,1_scene3_Les.mp3
On me dit le plus grand bien de vos harengs pommes à l'huile.,1_scene3_On me dit le plus grand bien de vos harengs pomme à l'huile.mp3
Pas de problèmes.,1_scene3_Pas de problèmes.mp3
Procédure habituelle ?,1_scene3_Procédure habituelle.mp3
Qu'est-ce donc ?,1_scene3_Qu'est ce donc.mp3
Que se passe-t-il là-bas ?,1_scene3_Que ce passe t il là bas.mp3
Voici ce que vous vouliez.,1_scene3_Voici ce que vous vouliez.mp3
Avec du veau ?,1_scene4_Avec du veau.mp3
Bons ?,1_scene4_Bon.mp3
Comment est votre blanquette ?,1_scene4_Comment est votre blanquette.mp3
Elle est bonne.,1_scene4_Elle est bonne.mp3
"Bonne journée, monsieur.","1_scene4_Hmm, bonne journée monsieur.mp3"
Hubert Bonisseur de la Bath.,1_scene4_Hubert Bonnisseur de la Batte.mp3
"Il n'y a rien à base de veau avec… des champignons, des pommes de terre ?","1_scene4_Il n'y a rien à base de veau avec des champignons, des pomme de terres.mp3"
Le patron vous en apportera un ramequin. Vous vous ferez une idée.,"1_scene4_Le patron vous en apportera un ramequin, vous vous ferez une idée.mp3"
Les plats à base de viande sont-ils de bonne qualité ?,"1_scene4_Les plats, à base de viande, sont ils de bonne qualité.mp3"
"Mais ici, je suis Lucien Bramard.",1_scene4_Mais ici je suis Lucien Bramard.mp3
Quel nom compliqué.,1_scene4_Quel nom compliqué.mp3
Br… Bramard. Lucien Bramard,"1_scene5_Bramard, Lucien Bramard.mp3"
"Ceci dit, c'est sympathique au fond.",1_scene5_Ceci dit c'est sympatique au fond.mp3
"Des millions. [Rire] Des millions ? Des millions ? Vous êtes charmante. Vous voyez ce que ça fait, déjà, un million, Larmina ?","1_scene5_Des millions. Ahah, des millions, vous êtes charmantes mais vous voyez ce que ça fait déjà un million Larmina.mp3"
Dommage qu'elle soit aussi sale.,1_scene5_Dommage quelle soit aussi sale.mp3
Et de s'y éterniser.,1_scene5_Et de s'y éterniser.mp3
"Que je te trimballe des poules, que je te trimballe des pastèques…","1_scene5_Et que je trimballe des poules, que je te trimballe des pastèques.mp3"
"Je sais, j'enrage.","1_scene5_Hmm, je sais j'en rage.mp3"
Je n'arrive pas à aimer cela.,1_scene5_Je n'arrive pas à aimer cela.mp3
"Je vais réessayer, je vous le promets.",1_scene5_Je vais réessayer je vous le promets.mp3
Jolie voiture.,1_scene5_Jolie voiture.mp3
"Le problème avec l'arabe, c'est que ce n'est pas facilement lisible.","1_scene5_Le problème avec l'arabe, c'est que ce n'est pas facilement lisible.mp3"
Même au niveau du son...,1_scene5_Même au niveau du son hein.mp3
Ne pas fumer me tue.,1_scene5_Ne pas fumer me tue.mp3
"Non merci, je ne fume pas.","1_scene5_Non, merci je ne fume pas.mp3"
C'est le moins qu'on puisse dire.,"1_scene5_Oh, c'est le moins qu'on puisse dire.mp3"
"Oui non mais enfin c'est joli. C'est joli, quand même.","1_scene5_Oui non mais enfin c'est joli, hein, c'est joli quand même.mp3"
"Votre français est irréprochable, Larmina.",1_scene5_Votre français est irréprochable Larmina.mp3
"Vu les merveilleuses richesses de ce pays, on comprend que les étrangers aient envie de l'occuper…","1_scene5_Vu les merveilleuses richesses de ce pays, on comprend que les étrangers aient envie de l'occuper.mp3"
"À l'occasion, je vous mettrai un petit coup de poliche.",1_scene6_A l'occasion je vous mettrais un petit coup de polish.mp3
Ah bon ?,1_scene6_Ah bon.mp3
C'est là qu'on voit la grandeur de votre civilisation.,1_scene6_C'est là que l'on voit la grandeur de votre civilisation.mp3
"C'est quand même bien mieux une voiture propre, non ?",1_scene6_C'est quand même bien mieux une voiture propre non.mp3
C'est somptueux.,1_scene6_C'est somptueux.mp3
Ça fait un petit moment que je l'observe.,1_scene6_Ca fait un petit moment que je l'observe.mp3
Celui-ci est magnifique.,1_scene6_Celui-ci est magnifique.mp3
"Construire pareil ouvrage il y a quatre mille ans, il fallait être visionnaire.","1_scene6_Construire pareil ouvrage il y a 4000 ans, il fallait être visionnaire.mp3"
"Dites-moi, Larmina.",1_scene6_Dîtes-moi Larmina.mp3
"En tout cas, quel… Quelle fierté pour votre pays.",1_scene6_En tout cas quelle fierté pour votre pays.mp3
Et bien elle est absolument impeccable.,1_scene6_Et bien elle est absolument impeccable.mp3
Il a participé à la construction du canal ?,1_scene6_Il a participé à la construction du canal.mp3
J'aime les panoramas.,1_scene6_J'aime les panoramas.mp3
L'Égypte est décidément bien meurtrie.,1_scene6_L'Egypte est décidément bien meutrie.mp3
Curieux.,"1_scene6_Mmh, curieux.mp3"
"Oui, curieux.","1_scene6_Oui, curieux.mp3"
Où en était Jack dans son enquête ?,1_scene6_Où en était Jack dans son enquête.mp3
Que se passe-t-il ?,1_scene6_Que se passe-t-il.mp3
Vous voyez l'automobile derrière moi ?,1_scene6_Vous voyez l'automobile derrière moi.mp3
Ah oui en effet.,1_scene7_Ah oui en effet.mp3
"Ah oui, c'est… C'est cocasse.","1_scene7_Ah oui, c'est cocasse.mp3"
Ah.,1_scene7_Ah.mp3
C'est monsieur René Coty.,1_scene7_C'est monsieur René Coty.mp3
C'est notre raïs à nous.,1_scene7_C'est notre Raïs à nous.mp3
Ce sera ton porte-bonheur.,1_scene7_Ce sera ton porte bonheur.mp3
Et ce bruit ?,1_scene7_Et ce bruit.mp3
Et quelle est cette curieuse odeur ?,1_scene7_Et quelle est cette curieuse odeur.mp3
"Il aime les cochinchinois, les malgaches, les marocains, les sénégalais. C'est donc ton ami.","1_scene7_Il aime les cochinchinois, les malgaches, les moracains, les sénégalais, c'est donc ton ami.mp3"
Il marquera l'histoire.,1_scene7_Il marquera l'histoire.mp3
"Je suis Lucien Bramard, ton nouveau directeur.","1_scene7_Je suis Lucien Bramard, ton nouveau directeur.mp3"
"Je suis là, maintenant.",1_scene7_Je suis là maintenant.mp3
La ?,1_scene7_La.mp3
Mais je suis avant tout ton ami.,1_scene7_Mais je suis avant tout ton ami.mp3
Mais qu'est-ce que c'est ?,1_scene7_Mais qu'est-ce que c'est.mp3
"Merci à toi, Slimane.",1_scene7_Merci à toi Slimane.mp3
"Pour sceller notre amitié, je… Je veux te donner quelque chose.","1_scene7_Pour sceller notre amitié, je veux te donner quelque chose.mp3"
Slimane.,1_scene7_Slimane.mp3
Sois rassuré.,1_scene7_Sois rassuré.mp3
Tu te sentais orphelin depuis le départ de monsieur Jefferson.,1_scene7_Tu te sentais orphelin depuis le départ de monsieur Jefferson.mp3
Un grand homme.,1_scene7_Un grand homme.mp3
"Enchanté, mais tout cela ne répond pas à ma deuxième question.","1_scene8_Enchanté, mais tout ça ne répond pas à ma deuxième question.mp3"
Jack est en Jordanie. C'est un marché très prometteur en termes de poulets.,"1_scene8_Jack est en Jordanie, c'est un marché très prometteur en matière de poulet.mp3"
"Lucien Bramard, je suis l'associé de Jack.","1_scene8_Lucien Bramard, je suis l'associé de Jack.mp3"
Qu'est-ce que… Qu'est-ce que vous faites ici ?,1_scene8_Qu'est-ce que vous faîtes ici.mp3
"Qui êtes-vous, qu'est-ce que vous faites ici et à qui ai-je l'honneur ?","1_scene8_Qui êtes-vous, qu'est-ce que vous faîtes ici et à qui ai-je l'honneur.mp3"
S'il y a quelque chose à découvrir… je le découvrirai.,"1_scene8_Si il y a quelque chose à découvrir, je le découvrirais.mp3"
Et non pas le gratin de pommes de terre.,1_scene9_Et non pas le gratin de pommes de terre.mp3
"Non parce que ça ressemble à ""carotte"". Cairote. C'est le légume… Parce que vous avez dit gratin. Donc, euh… Gratin de pommes de terre. Gratin de pommes de terre, c'est une… C'est une astuce.","1_scene9_Non parce que ça ressemble à carotte, cairotte, le légume. Parce que vous avez dit gratin, donc euh gratin de pommes de terre, c'est une astuce.mp3"
"Oh, à la bonne heure. Ce sera l'occasion de porter mon… smoking en alpaga.","1_scene9_Oh à la bonne heure, ce sera l'occasion de porter mon smoking en alpaga.mp3"
"Oui, très bien.",1_scene9_Oui très bien.mp3
Je vous l'avez dit que vous me le paieriez Payeriez. enfin je vous le dis!,Oss1_Audio_Je vous l'avez dit que vous me le payerai.mp3
"Bonjour, Fayolle. ",OSS2_Scene_Bonjour Fagnol.mp3
"Hum, hum. Finalement cette bande de hippies est plutôt sympathique. Une fois passée la barrière de l'hygiène, s'entend.  Enfin, que voulez-vous, c'est la jeunesse. Tôt ou tard, la vie se chargera de leur couper les cheveux.","Oss2_Scene_Plutot sympathique cette bande de hippy, une fois passé la barriere de l'hygiene.mp3"
Mais je vous en prie. On a frôlé la catastrophe.,OSS2_Scene1_On a frolé la catastrophe.mp3
Les sales jaunes.,OSS2_Scene1_Les sales jaunes.mp3
Des chinois en general d'ailleurs,OSS2_Scene1_Des chinois en general d'ailleurs.mp3
"Oh, ma foi... il ne tient qu'à vous de m'en laisser explorer une partie. Si intime soit-elle.",OSS2_Scene1_Il ne tiens qu'a vous de m'en laisser explorer une partie.mp3
Au temps pour moi.,OSS2_Scene1_Au temps pour moi.mp3
La fortune de la famille impériale attire bien des convoitises.,OSS2_Scene1_La forturne de la famille imperiale.mp3
"Ah Je n'ai fait que mon devoir, Comtesse. ",OSS2_Scene1_Je n'ai fait que mon devoir contesse.mp3
C'est gentil.,OSS2_Scene1_C'est Gentil.mp3
Qui sont ces gens ?,OSS2_Scene1_Qui sont ces gens .mp3
Ils sont perdus.,OSS2_Scene1_Ils sont perdus.mp3
Ah... Enfin !,OSS2_Scene1_Ah! Enfin !.mp3
"Mais à l'avenir,vous devriez vous méfiez de M. Li. Et des Chinoisen général, d'ailleurs.",OSS2_Scene1_A l'avenir vous devriez vous mefiez de Mr Lee.mp3
"Quand je dis n'importe qui, ne le prenez pas pour vous. N'allez pas croire que je n'ai pas confiance par rapport à ce qu'on dit sur les juifs et l'argent, ça n'a rien à voir ?",OSS2_Scene10_Les juifs et l'argent.mp3
Bien sûr,OSS2_Scene10_Bien sur !.mp3
Je comprends.,OSS2_Scene10_J'comprends.mp3
"Je ne crois pas, non. C'est l'argent de la France et je ne peux pas me permettre de le laisser à n'importe qui. ",OSS2_Scene10_Je ne crois pas nan ! C'est l'argent de la France et je ne peux pas me permttre de le laisser à n'importe qui !.mp3
Oui.,OSS2_Scene10_OUI ! .mp3
Qui sont ?,OSS2_Scene10_Hummm ! Qui sont .mp3
"Ah, ça ? Ah oui... Quelle histoire, ça aussi.",OSS2_Scene10_ Ah ça ! Quelle histoire ça aussi !.mp3
Épatant.,OSS2_Scene10_Épatant !.mp3
"Ah ben voilà ! Merci de le reconnaître. Comme je dis souvent, vous avez forcément une part de responsabilité. Sans vouloir...",OSS2_Scene11_Ah bah voila ! C'est vrai que vous avez surement une petite part de responsabilité !.mp3
Bonne nuit à vous aussi.,OSS2_Scene11_Bonne nuit à vous aussi !.mp3
Bonsoir.,OSS2_Scene11_Bonsoir ....mp3
Pardon ! ,OSS2_Scene11_Oh Pardon !.mp3
"Je suis désolé pour tout à l'heure. J'ai été affreusement maladroit. Mais ne vous inquiétez pas, je saurai me faire pardonner.","OSS2_Scene11_Désolé pour tout à l'heure j'ai été affreusement maladroit, mais je saurais me faire pardonner !.mp3"
Je me rends bien compte que j'ai été...,OSS2_Scene11_Je me rend bien compte que j'ai été ....mp3
Merci mais je ne me servirai que de la brosse à dents.,OSS2_Scene11_Merci mais je ne me servirai que de la brosse à dents.mp3
"Bonne nuit, les gars.",OSS2_Scene11_Bonne nuit les gars !.mp3
Non ! Je pensais plutôt maladroit.,OSS2_Scene11_Non ! Je pensais plutôt maladroit !.mp3
"Belle soirée, n'est-ce pas ? ",OSS2_Scene11_Belle soirée n'est ce pas .mp3
"Merci pour la brosse à dent, Dolores.",OSS2_Scene11_Merci pour la brosse à dents Dolores !.mp3
"Oh non, C'est dommage. Restons ensemble. Venez voir l'hôtel, au moins.",OSS2_Scene12_Ah bah non c'est dommage! Venez voir l''hotel au moins !.mp3
"A tantôt, alors.",OSS2_Scene12_À tantot alors !.mp3
"C'est ridicule. Il y à la piscine, il y a tout. On s'y mettra cet après midi, on en mettra un bon coup et puis voilà, non ?",OSS2_Scene12_Écoutez c'est ridicule ! On s'y mettra cette apres midi on mettra un bon coup et puis voila !.mp3
Comme vous voudrez.,OSS2_Scene12_Comme vous voudrez !.mp3
"Robustes, les têtes de prune.",OSS2_Scene13_Robuste ! Les tetes de prunes.mp3
Ces tranches de pamplemousse.,OSS2_Scene13_Ces tranches de Pamplemousse.mp3
"Les bananes flambées. Avant qu'elles soientflambées. Les bananes, quoi. ",OSS2_Scene13_Les bananes flambées ....mp3
"Je suis ravi de vous revoir. Je n'ai pas eu l'occasion de vous parlerdepuis cette mission à Gstaad. Je voulais vous en remercier. Très belle mission, très agréable.",OSS2_Scene13_Je suis ravi de vous revoir ! Je n'ai pas eu l'occasion de vous remercier pour cette mission à Gstaad !.mp3
Je sais que vous détestez tous ces bouffeurs de riz. ,OSS2_Scene13_Je sais que vous detestez tout ces bouffeurs de riz.mp3
Les cœurs d'ananas.,OSS2_Scene13_Les coeurs d'ananas !.mp3
Les rondelles de citron.,OSS2_Scene13_Les rondelles de citrons !.mp3
Les Allemands... Bah oui. Les Allemands!,OSS2_Scene13_Les allemand ... Mais oui les allemands !.mp3
"Ils sont récalcitrants, ces faces de quetsche.",OSS2_Scene13_C'est qu'ils sont recalcitrants ces faces de cuech !.mp3
Pardon ?,OSS2_Scene13_Pardon .mp3
"J'espère que vous n'êtes pas trop désappointés, Je n'ai pas pu tuer tous les chintoks. J'en suis désolé. ","OSS2_Scene13_J'èspere que vous n'etes pas trop desapointés, je n'ai pas pu tuer tout ces Chintoks ! J'en suis désolé !.mp3"
"Oui... Je connais cette théorie, oui.",OSS2_Scene14_Je connais cette theorie.mp3
"Il y a forcément une amicale d'anciens nazis ou un club, une association ? ","OSS2_Scene14_Il y a forcement une amicale, un club, une association.mp3"
auf wiedersehen,OSS2_Scene14_Auf Widersen.mp3
"Est-ce qu'il serait par hasard possible, j'ignore si ça existe, de consulter un fichier sur lequel il y aurait les noms et adresses d'anciens nazis établis au Brésil?",OSS2_Scene14_Le registre dans anciens nazis.mp3
"Soit. Chou blanc, donc.",OSS2_Scene14_Soit ! Choux blanc donc.mp3
"Oui. Enfin, entre Allemands...",OSS2_Scene14_Oui mais enfin entre allemands.mp3
"Un mémorial nazi, peut-être ?",OSS2_Scene14_Memorial nazi peut etre.mp3
"Comment dit-on ""fromage"" en brésilien ?",OSS2_Scene15_Comment dit on fromage en bresilien .mp3
Voici la carte de M. Trumendous.,OSS2_Scene15_Voici la carte de Mr Tremendous.mp3
Bill?,OSS2_Scene15_Bill .mp3
"On a beau dire, mais la France, ça reste quand même le pays des 400 fromages.",OSS2_Scene15_On a beau dire mais la france ça reste le pays des 400 fromages.mp3
"Bravo, je suis très impressionné. Je vois que nous sommes arrivés aux mêmes conclusions. Avec, toutefois, un léger avantage pour moi.","OSS2_Scene15_Je suis tres impresionner, avec toutefois un leger avantage pour moi.mp3"
"Bah... Je vous en prie. A vous d'abord. Je suis certes agent secret, mais je n'en suis pas moins français.",OSS2_Scene15_Je suis certes agent secret mais je n'en reste pas moins Français.mp3
Cheers,OSS2_Scene15_Cheers.mp3
"Bill, que veulent ces marginaux ? ","Oss2_Scene16_Bill, que veulent ces marginaux.mp3"
Je vois pas bien l'intérêt de ressembler à une femme.,Oss2_Scene16_Je ne vois pas bien l'interet de ressembler a une femme.mp3
Étrange...,OSS2_Scene16_Etrange....mp3
"Oh, ça va. Je croyais que vous aviez de l'humour. On dit de l'humour juif... Ça n'a pas l'air très rigolo votre humour",Oss2_Scene16_Il a pas l'air tres rigolo votre humour.mp3
"Ah, d'accord. Pas un gros pipi...",Oss2_Scene16_Ah d'accord ! Dans le pipi c'est....mp3
"Changer le monde ?  Quelle drôle d'idée ? Il est très bien comme ça, le monde. Pourquoi changer ?","Oss2_Scene16_Changer le monde, quelle drole d'idee.mp3"
Toi aussi.,OSS2_Scene16_Ahaha ! Toi aussi !.mp3
Il a passé plus de vingt ans ici. Il a forcément dû laisser des traces.,"Oss2_Scene16_Il a passé plus de 20 ans ici, il a forcement du laissé des traces.mp3"
Ah bon ? Comment ça peut être de l'humour si ce n'est pas rigolo ?,Oss2_Scene16_Comment ça peut etre de l'humour si c'est pas rigolo .mp3
Oh mon dieu ! Vivre dans l'urine c'est affligeant,Oss2_Scene16_Oh mon dieu ! Vivre dans l'urine c'est affligeant.mp3
Mais ou va le monde,OSS2_Scene16_Mais ou va le monde.mp3
Dans un quoi?,Oss2_Scene16_Dans un quoi.mp3
Oh! Cette tignasse !,Oss2_Scene16_Cette tignasse !.mp3
"Oh mais l'un n'empêche pas l'autre. J'ai toujours fait les deux et jusqu'à présent, je n'ai jamais reçu aucune plainte.",Oss2_Scene16_J'ai toujours fais les deux et je n'ai jamais recu aucune plaintes.mp3
Cette ville est absolument magnifique. ,Oss2_Scene17_Cette ville est absolument maginifique.mp3
Comment font donc les gens ici pour ne pas salir leurs souliers ?,Oss2_Scene17_Comment font donc les gens ici pour ne pas salir leurs souliers.mp3
"Très bien, allons-y.","Oss2_Scene17_Tres bien,allons y.mp3"
Où est Heinrich von Zimmel ? Je répète ma question où est Heinrich von Zimmel ? Et pose ce transistor !,Oss2_Scene17_LeTransistor.mp3
"Au revoir, les enfants.",Oss2_Scene17_Au revoir les enfants.mp3
"J'appelle ça la France, mademoiselle. Et pas n'importe laquelle La France du général de Gaulle.",OSS2_Scene17_LaFranceDuGeneral.mp3
Et je m'y connais.,Oss2_Scene17_Et je m'y connais !.mp3
"Une dictature, comme vous y allez. Vous êtes bien sympathique Dolores, mais épargnez-moi vos analyses politiques. Savez-vous seulement ce que c'est qu'une dictature ? Une dictature, c'est quand les gens sont communistes. Déjà. Qu'ils ont froid avec des chapeaux gris et des chaussures à fermeture éclair. C'est ça, une dictature, Dolores.",Oss2_Scene17_La dictature.mp3
"Complètement crétin, ce gamin.",Oss2_Scene17_Completement cretin ce gamin.mp3
"Elle est bonne, celle-là, pas de souliers. J'avoue",Oss2_Scene17_Elle est bonne celle la ! Pas de souliers .mp3
vous avez l'étoffe d'une mère de famille,Oss2_Scene18_Vous avez l'etoffe d'une mere de famille.mp3
"Vous savez, les hommes sont rarement des... des... mères de famille.","Oss2_Scene18_Vous savez, les hommes sont rarement des meres de familles.mp3"
"Non, mais oh ! Comment tu parles de ton père ! T'as pas honte ? Qui c'est qui t'a nourri? Jamais je parlerais comme ça de mon père, jamais ! Mon père, il était charron. Je peux te dire que ça filait doux. La mère De la Bath, elle moufetait pas. Les gamins pareil !","Oss2_Scene19_Non mais oh, comment tu parles de ton pere.mp3"
"Heinrich von Zimmel. Voilà mon plan, Dolores simple et efficace. Vous voyez ce rocher ? Amenez le gamin ici. Usez de vos charmes s'il le faut Après, je m'occupe de tout. Ne vous inquiétez pas, ça va bien se passer.",Oss2_Scene19_Le plan d'OSS117.mp3
Moi non plus.,Oss2_Scene19_Moi non plus.mp3
"Peut-être, mais c'était quand même son père.","Oss2_Scene19_Peut etre, mais c'etait quand meme son pere.mp3"
"Tu regardes quoi, Castaing ?",OSS2_Scene2_Tu regardes quoi Castaing .mp3
"Salut, Corbier.",OSS2_Scene2_Salut Corbier.mp3
"Ah! Elle est pas mal, celle-là. Je l'aime bien. ""Comme un lundi"".","OSS2_Scene2_Elle est pas mal celle la, j'aime bien.mp3"
Bonjour Mayeux ,OSS2_Scene2_Bonjour Mailleux.mp3
Et Lefranc ?,OSS2_Scene2_Et LeFranc .mp3
Je t'en prie mon vieux.,OSS2_Scene2_Mais je t'en pris.mp3
Tu passeras le bonjour à Granville.,Oss2_Scene2_Tu passeras le bonjour à Granville !.mp3
"Très bien,je vous remercie Ledentu Et vous vous allez bien ?","OSS2_Scene2_Ledentu, et vous vous allez bien .mp3"
Ahahahaha,OSS2_Scene2_Ahahahaha.mp3
"Et Borges, il en dit quoi ?",OSS2_Scene2_Et Bourges il en dit quoi .mp3
"Ce vieux Bernard ! La dernière fois qu'on s'est vu c'était avec Charpon, Leboisset, Labouse et Delanoix. Je crois même qu'il y avait Francard.C'est pour te dire !",OSS2_Scene2_Ce vieux Bernard ....mp3
"Bonjour Jean-Pierre. Très réussi, méconnaissable.",OSS2_Scene2_Bonjour JP.mp3
"Bonjour, Dutran.",OSS2_Scene2_Bonjour Lutran.mp3
Bien sûr.,OSS2_Scene2_Bien sûr !.mp3
Bonjour bonjour,OSS2_Scene2_Bonjour Bonjour !.mp3
"Tout va bien,Comtesse ?",OSS2_Scene2_Tout va bien contesse.mp3
Mais je vous en pris,OSS2_Scene2_Mais je vous en pris.mp3
Toujours pas de nouvelle de Picot?,OSS2_Scene2_Toujours pas de nouvelle de Picot .mp3
Comme un lundi,OSS2_Scene2_Comme un lundi.mp3
Habile !,OSS2_Scene2_Habile !.mp3
Poulard !,OSS2_Scene2_Humm Poulard.mp3
Bonjour Castaing.,OSS2_Scene2_Bonjour Castaing.mp3
Et ça sert à quoi?,OSS2_Scene2_Et ca sert à quoi .mp3
"Un nazi. Ce n'est pas tout à fait pareil. Tous les nazis n'étaient pas SS, Dolores. Attention aux raccourcis Tout de même.",Oss2_Scene20_Attention aux racourcis tout de meme.mp3
"Je plaisante, Dolores. Je me doute bien.","Oss2_Scene20_Je plaisante Dolores, je me doute bien.mp3"
"Oui, mais c'est cette attitude de dénigrement systématique. Ça commence par les parents, la famille, ensuite, c'est le drapeau, la patrie.",Oss2_Scene20_Mais c'est cette attitude de denigrement systematique.mp3
Vous pensez que c'est mieux ?,Oss2_Scene20_Vous pensez que c'est mieux .mp3
"Vous ne seriez pas en train de vous débarrasser de moi, par hasard ?",Oss2_Scene20_Vous seriez pas en train de vous debarraser de moi par hasard .mp3
"Non pas du tout. Il était diplomate. Non, c'était de la... torture psychologique.","Oss2_Scene20_Non non, il etait diplomate.mp3"
Vous faites des quiches un peu ici ?,Oss2_Scene21_Vous faites des quiches un peu ici .mp3
"Non merci, j'ai les miennes.","Oss2_Scene21_Non merci, j'ai les miennes.mp3"
"Changer le monde, changer le monde... C'est bien sympathique, mais faudrait déjà vous lever le matin. Je ne sais pas si vous êtes au courant mais le monde vous attend pas. Le monde, il bouge. Et il bouge vite. Vous allez pas tarder à rester sur le carreau. Je vous le dis. Parce que là vous êtes en vacances, mais à la rentrée...",Oss2_Scene21_Changer le monde.mp3
"Tu peux pas dire ça, tu me déçois. Je devais forcément dire un truc...","Oss2_Scene21_Tu peux pas me dire ça, tu me deçois.mp3"
"OK, admettons. Vous avez pris une année sabbatique, très bien, mais l'année prochaine, vous y avez pensé à ça, l'année prochaine ? C'est pas le monde qui va se plier à vos désirs, les enfants. C'est pas 68, année de la jeunesse. Ça pas comme ça que ça se passe. C'est le vrai monde dehors. Et le vrai monde, il va chez le coiffeur, déjà. Alors, la guitare, les troubadours, tout ça c'est fini.","Oss2_Scene21_OK,vous etes en année sabatique, mais vous y avez pensé à l'année procahine .mp3"
"Euh... J'aime ce qui se passe. Mais on est d'accord, c'est notre secret. Ça reste entre nous, hein ?","Oss2_Scene22_J'aime ce qu'il se passe, mais ça reste entre nous.mp3"
"C'est pas... Vous comprenez ? Parce que les gens sont pas obligés de savoir tout ça. Sorti de son contexte, un doigt dans les fesses ça peut être...","Oss2_Scene22_Les gens ne sont pas obligés de savoir, parce que sortis de son contexte, un doigt dans les fesses.mp3"
Étrange. ,Oss2_Scene23_Etrange.mp3
"Impeccable. J'ai passé une soirée somme toute très tranquille. On a mangé, j'ai pris du SVP et j'ai dormi comme un bébé.","Oss2_Scene23_Impeccable, une soirée tranquille, j'ai mangé, pris du svp et dormis comme un bébé.mp3"
Je vois pas bien l'intérêt de ressembler à un homme ? Curieux.,"Oss2_Scene23_Je ne vois pas l'interet de ressembler a un homme, curieux.mp3"
Pourquoi vous n'en portez pas ?,Oss2_Scene23_Pourquoi vous n'en portez pas .mp3
"Ce qui va, c'est que je suis là.","Oss2_Scene23_Ce que va, c'est que je suis la.mp3"
"Déjà, c'est une religion qui interdit les saucisses, il me semble ?",Oss2_Scene24_Bah deja c'est une religion qui interdit les saucisses il me semble.mp3
Quoi que... Attendez c'est lesquels les Chinois qui étaient alliés aux nazis ?,Oss2_Scene24_C'est lesquels les chinois qui etaient alliés au nazis .mp3
Que se passe-t-il ? ,Oss2_Scene24_Mais que se passe t'il .mp3
Vous n'aimez pas les hommes ?,Oss2_Scene24_Vous n'aimez pas les hommes .mp3
C'est plutôt vous qui avez l'air vexé.,Oss2_Scene24_Plutot vous qui avez l'air vexée.mp3
"Vous savez, de vous à moi, c'est peut-être ça qui agace un peu les gens. Le côté : je suis juif donc j'ai raison sur tout.","Oss2_Scene24_C'est peut etre ça qui agance les gens aussi, le coté je suis juive j'ai raison sur tout.mp3"
Excusez-moi mais c'est quand même... Ça fait un peu Jacques-a-dit a dit pas de charcuterie. Vous ne trouvez pas ?,Oss2_Scene24_Bah ça fait un peu Jacquesadit a dit pas de charcuterie.mp3
"C'est parce que je ne suis pas juif, c'est ça ?","Oss2_Scene24_C'est parce que je ne suis pas juif, c'est ça .mp3"
Je vous en prie. Vous êtes aimable.,"Oss2_Scene24_Mais je vous en prie, vous etes aimable.mp3"
Vous jouez sur les mots Dolores. ,Oss2_Scene24_Vous jouez sur les mots Dolores.mp3
"Les Japonais, c'est ça. Au temps pour moi. J'avais un embryon de piste, mais non. Si nous avons à faire à des Chinois de Chine, ça ne marche plus.",Oss2_Scene24_Si nous avons affaire a des chinois de chine ça ne marche plus.mp3
Vous avez une religion qui est tellement...,Oss2_Scene24_Je ne sais pas vous avez une religion qui est tellement.mp3
"Et rien. Faisons comme si c'était normal, après tout. Pas de saucisses, pas d'alcool, les femmes voilées.","Oss2_Scene24_Tres bien faison comme si c'etait normal apres tout, pas de saucisses, pas d'alcool, les femmes voilées .mp3"
"Je comprends. A ce propos, je voulais vous dire... Je sais que vous êtes très admirative de moi, de ma carrière. Vous connaissez ma vie, vous connaissez mon métier. Vous savez que j'ai toujours été un rempart a la barbarie. Malheureusement, tout cela a un prix. Dolores, je vais être un petit peu brutal, mais... Si jamais il devait se passer quelque chose entre nous, je... Il m'est impossible de m'engager avec une femme. Avec moi, les histoires d'amour ne s'écrivent pas dans le temps, ce sont... des histoires courtes, compactes, passionnelles. Je ne sais pas vivre autrement Dolores. D'aucuns ont des aventures. Je suis une aventure. Et je me devais de vous en prévenir.",Oss2_Scene24_Je suis une aventure.mp3
"D'accord. Mais la prochaine fois que tu changes de monde, fais attention aux crocodiles.","Oss2_Scene25_La prochaine fois que tu changes le monde, fait attention aux crocodiles.mp3"
"Commence par remettre ton slip, tu veux ?",Oss2_Scene25_Commence par remettre ton slip tu veux .mp3
"Je vois qu'en effet, ton monde change bien vite.",Oss2_Scene25_Je vois qu'en effet ton monde change bien vite.mp3
Qu'est-ce qu'il fout lui?,Oss2_Scene25_Qu'est ce qu'il fout lui .mp3
Il va attraper plein de microbes. C'est tout ce qu'il va gagner.,"Oss2_Scene25_Il va s'attraper plein de microbes, c'est tout ce qu'il va gagner.mp3"
"Dolores, soyez gentille. Arrangez-nous une petite table. Essayez de nous faire un truc mignon","Oss2_Scene25_Dolores soyez gentille, arrangez nous une petite table, essayez de faire un truc mignon.mp3"
"Oui, mais pour le moment, nous sommes bloqués. ","Oss2_Scene25_Oui, mais pour le moment nous sommes bloqués.mp3"
"Là, je viens de tuer un croco. Si vous voulez qu'on travaille d'égal à égal, faudrait vous y mettre. Vous pouvez au moins vous occupez du manger",Oss2_Scene25_Moi je viens de tuer un croco.mp3
"Écoutez, mon petit... J'ai fait mon boulot, moi.","Oss2_Scene26_Bon ecoutez mon petit, j'ai fait mon boulot moi.mp3"
C'est peut-être que j'ai un peu de mal à voir un lieutenant-colonel de l'armée israéliene flirter avec un fils de nazi. Excusez-moi d'avoir un peu de morale.,"Oss2_Scene26_C'est peut etre parce que j'ai un peu de mal a voir un lieutenant de l'armée israelienne flirter avec un fils de nazi, excusez moi d'avoir encore un peu de moral .mp3"
Je sais pas. Débrouillez-vous. Faites simple. Personne ne va vous juger.,"Oss2_Scene26_Debrouillez vous, faites simple, personne ne va vous juger.mp3"
"Non merci ! J'ai besoin de vitamines, moi.",Oss2_Scene26_Non merci ! Jai besoin de vitamines moi .mp3
"Doucement. C'est la peau de crocodile, ça met du temps à rôtir, c'est comme ça. ","Oss2_Scene26_Doucement ! c'est la peau de crocodile, ça met du temps a rotir c'est comme ça.mp3"
"Oui, évidemment. C'est moi qui suis ridicule.","Oss2_Scene26_Evidemment, c'est moi qui suis ridicule.mp3"
Bravo ! Très drôle! Bravo!,"Oss2_Scene26_Bravo ! Tres drole, bravo!.mp3"
"Mais... ça cuit pas, cette connerie. Pourquoi ça cuit pas ?",Oss2_Scene26_Mais ça cuit pas cette connerie! Mais pourquoi ça cuit pas .mp3
"Ça ne prenait pas beaucoup plus de temps ! Le plus difficile, c'est la partie pédalo. C'est pas la partie canard. La partie canard, c'est un bec,
un col vert... Enfin n'en parlons plus. ","Oss2_Scene27_Ça ne prenais pas beaucoup plus de temps! Ce qui est le plus difficile c'est la partie pedalo, pas la partie canard.mp3"
"Bien, il est temps de se mettre au travail. Rendez-vous dans une demi-heure dans le hall, en costume. ","Oss2_Scene28_Bien! Au travail ! Rendez-vous dans 30 minutes dans le hall, en costume.mp3"
"En revanche pour les drinks, vous inquiétez pas, c'est payé.","Oss2_Scene28_Vous inquietez pas, c'est payé.mp3"
"Tu as raison, c'est problématique. À moins qu'on y aille déguisés. Ce qui en plus, peut être amusant.","Oss2_Scene28_À moins qu'on y aille deguisés, ce qui peut etre amusant !.mp3"
"Voilà... C'est pour ça, je me suis dit: ""Ça, c'est pour Armand."" ",Oss2_Scene29_Et c'est pour ça que je me suis dit- ça c'est pour Armand !.mp3
"Voilà, cadeau...  de Noël !","Oss2_Scene29_Voila ! Cadeau, de Noël !.mp3"
"Oui. Mais si. C'est rigolo, hein ?","Oss2_Scene29_Oh si, ça c'est rigolo !.mp3"
"Non j'ai dit ""cadeau de Noël"". C'est par rapport à mon prénom...",Oss2_Scene29_C'est parce que c'est par rapport a mon prenom.mp3
Rire MYTHIQUE,Oss1_Scene29_Rire MYTHIQUE.mp3
"Ça m'est venu comme ça. Tout d'un coup, je me suis souvenu que je m'appelais Noël, et alors c'est sorti tout seul, les boules de Noël. En plus, je crois bien que je lui ai montré mon bazar en même temps. ","Oss2_Scene29_Je me suis souvenu que je m'appelais Noël et c'est sortit tou seul, je crois meme que je lui ai montré mon bazard en meme temps.mp3"
Je vous rappelle. Au revoir.,Oss2_Scene29_Je vous rappelle ! Au revoir !.mp3
"Je propose qu'on fasse une trêve. Nos deux pays sont amis, je vous rappelle. Faisons un effort.","Oss2_Scene29_Je propose qu'on fasse une treve, nos deux amis sont amis je vous le rappelle.mp3"
"Bon... Armand, je vous laisse. Il y a un nazi dans l'hôtel. Ah ben non, c'est Heinrich, c'est mon ami. ",Oss2_Scene29_Je vous laisse il y a un nazi dans la salle. Ah non c'est mon amis Heinrich.mp3
Je couds. ,Oss2_Scene29_Je couds !.mp3
"Ah oui, ça vient de chez le loueur, d'accord. Je me disais aussi.","Oss2_Scene29_Ah oui ça vient de chez le loueur, je me disais aussi.mp3"
Oui... Il faut absolument que j'appelle Armand.,Oss2_Scene29_Faut absolument que j'appelle Armand !.mp3
M'oui Sinon... y a aussi les boules.,Oss2_Scene29_Sinon y'a aussi les boules !.mp3
S'il s'agit de faire une echange,OSS2_Scene3_S'il s'agit de faire une echange.mp3
"Ma foi, comme un lundi. Frais dans la matiné, soleil l'après-midi. La recette des sports d'hiver réussis.",OSS2_Scene3_Comme un lundi... la recette des sports d'hivers reussis.mp3
Nouveau ?,OSS2_Scene3_Nouveau .mp3
Noël Flantier... Je vais lui faire un courrier,OSS2_Scene3_Je vais lui faire un courrier.mp3
Ben v'là autre chose !,OSS2_Scene3_Bah voila autre chose.mp3
Qui s'occupe de trouver les noms au bureau ?,OSS2_Scene3_Mais qui s'occupe de trouver les noms au bureau .mp3
Il s'agit de l'en empêcher ?,Oss2_Scene3_Il s'agit de l'en empecher.mp3
"Mais enfin Armand, Le général de Gaulle n'a t-il pas dit que toute la France avait été résistante.",OSS2_Scene3_Le General DeGaulle n'a t-il pas dit que toute la France avait étée resistante .mp3
Douce chanson que vous me chantez là Armand.,OSS2_Scene3_Douce chanson que vous me chantez là Armand.mp3
"Et pourquoi moi Armand? S'il ne s'agit que de faire un échange, les P&T font ça très bien.",OSS2_Scene3_Et pourquoi moi Armand .mp3
Noel Flantier ,OSS2_Scene3_Noel Flantier .mp3
Je comprend que ce ne soit qu'un microfilm. Elle doit être bien courte sa liste.,OSS2_Scene3_Elle doit etre bien courte sa liste.mp3
"Bonjour, Armand.",OSS2_Scene3_Bonjour Armand !.mp3
Habile.,OSS2_Scene3_Habile.mp3
Noël Flantier ?,OSS2_Scene3_Noel Flantier.....mp3
Je comprends.Dans ce cas.,OSS2_Scene3_Je comprend... Dans ce cas!.mp3
Procédure habituelle ?,OSS2_Scene3_Procedure habituelle .mp3
C'est parce qu'elle est juive.,Oss2_Scene30_C'est parce qu'elle est juive.mp3
"Allez, n'y pensez plus. C'est jamais qu'un costume nazi, après tout. ",Oss2_Scene30_Allez n'y pensez plus ! Ce n'est qu'in costume nazi apres tout !.mp3
Pas sûr. Ne voyez pas le mal partout. Ils ont peut-être tous eu la même idée.,Oss2_Scene31_Pas sûr ! Ils ont peut etre eu tous la meme idée.mp3
Possible. Plus difficile à croire.,"Oss2_Scene31_Possible, mais difficile a croire.mp3"
Et si le 5e Reich était plutôt celui... de l'amour ?,Oss2_Scene32_Et si le 5eme Reich etait plutot celui de l'amour .mp3
Que signifie cette réunion sordide ? L'avènement du 4e Reich ?,Oss2_Scene32_Que signifie cette réunion sordide  L'avenement du 4eme Reich .mp3
Pour l'instant je suis en phase d'analyse.,Oss2_Scene32_Pour l'instant je suis en phase d'analyse.mp3
Au moins il ne nous a pas encore vus.,Oss2_Scene32_Au moins il ne nous a pas encore vu.mp3
Il ne connaît pas ma vraie identité.,Oss2_Scene32_Au moins il ne connais pas ma vraie identité.mp3
"Ça, alors ! Heinrich ? Un postiche ?",Oss2_Scene32_Ça alors! Heinrich  Un postich.mp3
Utopiste.,Oss2_Scene32_Utopiste.mp3
Dolores. Je vous dois des excuses. Il semblerait que vous ayez raison. Que nous soyons pris au piège.,"Oss2_Scene32_Dolores, je vous doit des excuses, il semblerait que nous soyons pris au piege.mp3"
"J'espèrais faire rêver ces nazis, je n'ai récolté que risée et quolibet.","Oss2_Scene32_J'esperais faire rever ces nazis, je nai recolté que risées et quolibets.mp3"
"Venez, essayons de ne pas nous faire remarquer.",Oss2_Scene32_Essayons de ne pas nous faire remarqués.mp3
"Bon, bien sûr, je... je vois bien ce qui vous plaît dans le nazisme. D'ailleurs, qui pourrait vous jeter la pierre ? Moi-même, parfois, il m'arrive de me fâcher. ","Oss2_Scene32_Je vois bien ce qui vous plait dans le nazisme, mais qui pourrais vous jeter la pierre, moi meme il m'arrive de me facher.mp3"
"Qu'allez-vous faire, von Zimmel ?",Oss2_Scene33_Qu'allez vous faire Von Zimmel .mp3
Vous vous moquez.,Oss2_Scene33_Vous vous moquez.mp3
"Vous perdez votre temps, von Zimmel ! Je ne vous dirai rien.","Oss2_Scene33_Vous perdez votre temps Von Zimmel, je ne vous direz rien.mp3"
Charmant programme !,Oss2_Scene33_Charmand programme.mp3
"Mon Dieu ! Ça y est, je m'en souviens. ","Oss2_Scene33_Ça y est, je m'en souviens !.mp3"
Bingo ! Je crois que j'ai ma petite idée,Oss2_Scene33_Bingo ! Je crois que j'ai ma petite idée.mp3
"Pour moi, vous serez toujours Carlotta, Carlotta.",Oss2_Scene33_Et bien pour moi vous serez toujours Carlota! Carlota!.mp3
"J'ai vu, je sais qui c'est, mais je dirai rien.","Oss2_Scene33_J'ai vu, je sais qui c'est mais je dirais rien.mp3"
"Vous m'inspirez un sentiment de déjà-vu, professeur. Vos vieilles recettes, vos bureaux secrets, vos croix gammées, vos grottes de nazis tout ça est d'un banal.",Oss2_Scene33_Vous m'insperez un sentiment de deja vu professeur.mp3
Vous avez raison ! Allons-y Dolores !,Oss2_Scene33_Vous avez raison ! Allons-y Dolores !.mp3
"Tiens, un chauve ? Chauve qui peut.","Oss2_Scene33_Tiens, un chauve! Chauve qui peut .mp3"
Humour nazi. Aucun intérêt.,"Oss2_Scene33_Humour nazi, aucun interet.mp3"
Hitler ! Je déteste ce type.,Oss2_Scene33_Hitler ! Je deteste ce type !.mp3
Comment se fait-il que je ne m'en souvienne pas ?,Oss2_Scene33_Comment se fait il que je ne m'en souvienne pas .mp3
"Vous pouvez y aller Von Zimmel, j'en ai vu d'autres !","Oss2_Scene33_Vous pouvez y aller Von Zimmel, j'en ai vu d'autres.mp3"
Carlotta. Carlotta. Carlotta.,Oss2_Scene33_Carlota ! Carlota ! Carlota !.mp3
"Pourquoi moi? Mon costume, chiens fascistes ! Vous ne respectez donc rien !","Oss2_Scene33_Pourquoi moi  Chien fasciste, vous ne respectez vraiment rien.mp3"
"À mon avis, on a une bonne demi-heure devant nous. C'est largement suffisant.","Oss2_Scene33_A mon avis on a une bonne demi-heure devant nous, c'est largement suffisant.mp3"
C'est pas moi.,Oss2_Scene33_C'est pas moi !.mp3
"Carlotta. C'est donc ça, quelque chose de plus confortable ?",Oss2_Scene33_Carlota ! C'est donc ça quelque chose de plus comfortable .mp3
Ne vous inquiétez pas Dolores. J'ai été maladroit tout à l'heure Mais je vais nous sortir de là.,"Oss2_Scene33_Ne vous inquietez pas Dolores, j'ai été maladroit tout à l'heure mais je vais nous sortir de la.mp3"
La partie n'est peut-être pas encore perdue.,Oss2_Scene34_La partie n'est peut etre pas encore perdue.mp3
Évidemment c'est un arc de bébé!,"Oss2_Scene34_Evidemment, c'est in arc de bébé !.mp3"
Je comprends pas ce qui s'est passé là.,Oss2_Scene34_Je ne comprend pas ce qui s'est passé la.mp3
"C'est bien simple, j'ai l'impression d'avoir trouvé mon double féminin. ","Oss2_Scene35_C'est bien simple, j'ai l'impression d'avoir trouvé mon double feminin.mp3"
Comment ça non? Je comprends pas.,Oss2_Scene35_Comment ça non  Je ne comprend pas .mp3
Je m'habille mal ? ,Oss2_Scene35_Je m'habille mal .mp3
"Il fait très chaud, non ?",Oss2_Scene35_Il fait tres chaud non .mp3
"Vous me plaisez, Dolores. Beaucoup. Vous savez ce que j'aimerais...","Oss2_Scene35_Vous me plaisez Dolores, beaucoup.mp3"
Bien sûr !,Oss2_Scene35_Bien sûr !.mp3
"Regardez ! Ils se sont arrêtés. Panne d'essence. J'en étais sûr. C'est le problème avec les Mercedes. Ha, ha, ha !","Oss2_Scene35_Panne d'essence, j'en etais sûr ! C'est le probleme avec les mercedes ahaha.mp3"
C'est plaisant de vous voir sourire. C'est vrai vous avez un sourire charmant. On a déjà dû vous le dire.,Oss2_Scene35_C'est plaisant de vous voir sourir. Non vraiment vous avez un sourire charmant.mp3
Je vous faisais un compliment Dolores.,Oss2_Scene35_Je vous faisais un compliment Dolores.mp3
Vous savez ce que j'aimerais...,Oss2_Scene35_Vous savez ce que j'aimerais .mp3
Bravo.Vous conduisez comme un homme.,Oss2_Scene35_Bravo vous conduisez comme un homme.mp3
"Justement, c'est ça que je ne comprends pas. Expliquez-moi. Je suis quand même un rempart contre la barbarie, un symbole de...",Oss2_Scene35_Oui justement c'est ça que ne comprend pas ! Je suis un rempart a la barbarie.mp3
J'en fais mon affaire.,Oss2_Scene35_J'en fais mon affaire.mp3
Et comment !,"Oss2_Scene35_Hummm, et comment !.mp3"
"Vous êtes déterminée, vous êtes courageuse, vous n'avez jamais flanché. Vous n'avez jamais détourné le regard. Vous êtes intrépide, vous êtes jolie, vous êtes élégante. ",Oss2_Scene35_Hubert complimente Dolores.mp3
"Vous me bluffez, Dolores. ",Oss2_Scene35_Vous me bluffez Dolores.mp3
Vous montez ?,Oss2_Scene36_Vous montez .mp3
Où suis-je ?,Oss2_Scene36_Ou suis-je .mp3
"Très bien, merci.",Oss2_Scene36_Tres bien merci !.mp3
Ah ? C'est fâcheux.,Oss2_Scene36_Ah! Facheux !.mp3
Vous n'auriez pas quelques vêtements de rechange ?,Oss2_Scene36_Vous n'auriez pas quelque vetements de rechange .mp3
Vous savez pas où sont mes vêtements ?,Oss2_Scene36_Vous savez pas où sont mes vetements .mp3
On se donne rendez-vous au bureau de Bill Trumendous.,Oss2_Scene37_On se donne rendez-vous au bureau de Bill Tremendous.mp3
Ça sonne.,Oss2_Scene37_Ça sonne .mp3
"À ce propos, où est-ce que je pourrais trouver une voiture ?","Oss2_Scene37_À ce propos, ou est ce que je pourrais trouver une voiture .mp3"
C'est très urgent.,Oss2_Scene37_C'est tres urgent.mp3
"Maria Joao, vous venez de donner un sérieux coup de pouce à la France. Je ne l'oublierai pas ","Oss2_Scene37_Vous venez de donner un serieux coup de pouce a la France, je ne l'oublierai pas .mp3"
Je peux téléphoner?,Oss2_Scene37_Je peux telephoner .mp3
Excusez moi ,Oss2_Scene37_Excusez moi .mp3
"Merveilleux. Ce n'est pas le dernier cri, mais enfin cela fera amplement l'affaire.",Oss2_Scene37_Merveilleux ! C'est pas le dernier cris mais ça fera amplement l'affaire.mp3
Du pur gribouillage. J'ai l'impression que tout ça ne veut rien dire,"Oss2_Scene37_Pur gribouillage, j'ai l'impression que tout cela ne veut rien dire.mp3"
Merci.,Oss2_Scene37_Merci !.mp3
"Oui, sans doute !","Oss2_Scene37_Oui, sans doute !.mp3"
"Bien, la situation est clarifiée. ",Oss2_Scene37_Bien la situation est clarifiée.mp3
C'est vrai ? Vous vous êtes inquiétée ?,Oss2_Scene37_C'est vrai  Vous vous etes inquietée .mp3
"Ha, c'est gentil. ","Oss2_Scene37_Han, c'est gentil !.mp3"
Avec un peu de chance...,Oss2_Scene37_Avec un petit peu de chance.mp3
Vous avez eu Carlotta ?,Oss2_Scene37_Vous avez eu Carlota .mp3
Je l'appelle tout de suite,Oss2_Scene37_Je l'appelle tout de suite.mp3
"Attention Bill, derrière toi, un Chinois.","Oss2_Scene38_Attention Bill, derriere toi un Chinois.mp3"
"Oh, Bill ! Tu m'as fichu une de ces trouilles, mon vieux. ",Oss2_Scene38_Ah Bill! Tu m'as fichu une de ces trouilles mon vieux .mp3
"Habile, Bill.",Oss2_Scene38_Habile Bill !.mp3
"Libère-la, Bill. Je te rappelle que nos deux pays sont amis.","Oss2_Scene38_Libere la Bill, je te rappelle que nos pays sont amis.mp3"
Je vous en conjure Carlotta. Réfléchissez.,"Oss2_Scene38_Je vous en conjure Carlota, reflechissez.mp3"
Voilà.,Oss2_Scene38_Voila !.mp3
Que se passe t-il Bill?,Oss2_Scene38_Que se passe t'il Bill .mp3
Comme Israël.,Oss2_Scene38_Comme Israël .mp3
"Bill, tu n'es pas bien ? Qu'est-ce que tu fabriques ?",Oss2_Scene38_Bill tu n'est pas bien  Mais qu'est ce que tu fabriques .mp3
"Je vous promet que si vous nous aidez, je m'engage à intervenir personnellement auprès du premier ministre de la France, M. Georges Pompidou.","Oss2_Scene38_Je vous promet que si vous nous aidez, je m'engage personnalement a en praler au premier minsitre de la France, Monsieur Georges Pompidou .mp3"
Qu'est-ce que tu insinues ?,Oss2_Scene38_Qu'est ce que tu insinue .mp3
Entre les chasseurs de Nazis et les frères de ce pauvre homme vous n'aurez aucun répit jusqu'à la fin de vos jours.,Oss2_Scene38_Entre les chasseurs de nazis et les freres de ce pauvre homme vous n'aurez aucun repis jusqu'a la fin de vos jours.mp3
C'est vrai ? Ca fait deux fois que vous me dites des choses gentilles.,Oss2_Scene38_Ça fait deux fois que vous me dites des choses gentilles.mp3
"Pour que l'on trouve une solution à l'amiable. Et que l'on mette tout en oeuvre au niveau international, et ça peut aller très vite, pour que les nazis aient un pays à eux. ","Oss2_Scene38_Pour qu'on trouve une solution a l'amiable, et ça peut aller tres vite, pour que les nazis ait un pays a eux.mp3"
Mais pourquoi tu protégerais un SS ? Tu es Américain tu es contre les nazis.,"Oss2_Scene38_Mais pourquoi protegerai tu un SS  Tu es American , tu es contre les nazis.mp3"
Bill? ,Oss2_Scene38_Bill .mp3
Dolores ?,Oss2_Scene38_Dolores .mp3
"Ravi de vous revoir, Dolores.",Oss2_Scene38_Ravis de vous revoir Dolores.mp3
On a passé une nuit ensemble ? Ne dites pas ça. On a l'impression qu'on a...,Oss2_Scene39_On a passé une nuit ensemble  Ne dites pas ça on a l'impression que .mp3
Serpent ! Je ne mange pas de ce pain là !,"Oss2_Scene39_Serpent, je ne mange pas de ce pain là !.mp3"
"On se connaît, non ?",Oss2_Scene39_On se connait non .mp3
"Et là, tu... Vous faites quoi ?",Oss2_Scene39_Et là vous faites quoi .mp3
Qu'est-ce que c'est que ce guet-apens ?,OSS2_Scene4_Qu'est ce que c'est que ce get-apens .mp3
Ahahahah,OSS2_Scene4_Ahahahah(encore).mp3
Plaît-il ?,OSS2_Scene4_Plaît-il .mp3
"Mais non, je vous jure que non j'ai même longtemps vécu en Cochinchine.","OSS2_Scene4_Mais non, j'ai deja vecu en Cochinchine.mp3"
Pas du tout.,OSS2_Scene4_Mais non pas du tout.mp3
"Ah, Gstaad ? Gstaad...",OSS2_Scene4_Ahhhh Gstaad .... gstaad.mp3
Bill Trumendous ! Ce vieux Bill! En plein dans le dos.,"OSS2_Scene4_Bill Tremendous, ce vieux Bill.mp3"
Abragado. Abragado...,OSS2_Scene4_Obrigado...obrigado.mp3
"C'est terminé Von Zimmel, tout le monde est mort.","Oss2_Scene40_C'est terminé Von Zimmel, toue le monde est mort.mp3"
Pas si on l'empêche de sauter du bout du bras du Corcovado.,Oss2_Scene40_Pas si on l'empeche de sauter du bout du bras du Corcovado .mp3
Pas cette fois-ci.,Oss2_Scene40_Pas cette fois ci .mp3
"Chacun doit   vaincre ses démons Dolores. Vous, c'est les nazis. Moi, c'est le trapèze.","Oss2_Scene40_Chacun doit vaincre ses demons Dolores, vous c'est les nazis, moi c'est le trapeze.mp3"
Cet homme est désespéré.,Oss2_Scene40_Cet homme est désespéré.mp3
Laissez-moi faire.,Oss2_Scene40_Laissez moi faire.mp3
Magnifique. C'est drôlement beau ce qu'il dit. Beau et terrible à la fois d'ailleurs.,"Oss2_Scene40_Magnifique ! Drolement beau ce qu'il dit, beau et terrible a la fois d'ailleurs.mp3"
Vous avez raison. Je crois qu'il est sincère. ,"Oss2_Scene40_Vous avez raison, je crois qu'il est sincère.mp3"
"Joyeux, Noël.",Oss2_Scene40_Joyeux Noël !.mp3
"Ah oui, quoi donc ?","Oss2_Scene40_Ah oui, quoi donc .mp3"
Non! Non! NON! C'était un accident ! Un banal accident de trapèze !,Oss2_Scene40_C'etait un accident ! Un banal accident de trapèze.mp3
Qu'est-ce qu'il fait encore ?,Oss2_Scene40_Qu'est ce qu'il fout encore .mp3
"Mais non mon petit, il bluffe.","Oss2_Scene40_Mais non mon petit, il bluff.mp3"
"Ce n'est rien. C'est ma fierté qu'une Israélienne me remercie d'avoir sauvé la vie d'un nazi, j'y vois comme un signe, Dolores. Pourquoi ne pas rêver un jour à une réconciliation entre juifs et nazis.","Oss2_Scene40_Ce n'est rien, c'est ma fierté qu'une juive me remerci d'avoir sauvé un nazi ! Pourquoi ne pas y voir le signe d'une reconcialiation un jour .mp3"
Willkommen in Israel Herr Professor,"Oss2_Scene40_Israël, eir profesor.mp3"
Enfin vous savez bien que non.,"Oss2_Scene41_Mais non, enfin vous savez bien que non .mp3"
"Bonjour, patron.",Oss2_Scene41_Bonjour Patron !.mp3
Je choisis moi-même mon nom de couverture.,Oss2_Scene41_Je choisis moi meme mon nom de couverture.mp3
"Oui, sans doute. Me voilà rassuré.","Oss2_Scene41_Oui sans doutes, me voilà rassuré.mp3"
Oui ! Sinon je me mettrais dans de beaux draps.,Oss2_Scene41_Sinon je me mettrais dans de beau draps.mp3
Oui... vous avez raison. Hum,Oss2_Scene41_Oui! Oui vous avez raison.mp3
On a bien fait de ne pas y envoyer les P&T.,Oss2_Scene41_On y a bien fait de ne pas y envoyer les P&T.mp3
Vous vouliez me montrer un film ?,Oss2_Scene41_Vous vouliez me montrer un film .mp3
"C'est sans doute rien mais... Cette liste de collaborateurs, il m'a semblé y voir votre nom.","Oss2_Scene41_C'est sans doute rien, mais cette liste de collaborateurs, il m'a semblé y voir votre nom .mp3"
"Wagon-Li ! Ha, ha, ha!",Oss2_Scene41_Wagon Li.mp3
Li-couchette.,Oss2_Scene41_Li couchette.mp3
"Armand, je voulais vous parler... une petite chose me chiffonne.","Oss2_Scene41_Armand je voulais vous parler, une petite chose me chifonne.mp3"
M. Li en portefeuille.,Oss2_Scene41_Monsieur Li en portefeuille.mp3
"C'est très curieux, ça. Ma foi sans le vouloir, J'ai l'impression que j'ai fait de l’humour juif.","Oss2_Scene41_Tiens c'est curieux, je crois que sans le vouloir je viens de faire de l'humour juif.mp3"
J'accepte à une seule condition.,Oss2_Scene41_J'accepte a une seule condition.mp3
Je... Je vous remercie Armand. Je ne sais que dire.,"Oss2_Scene41_Ah je vous remercie Armand, je ne sais que dire.mp3"
"Hum, ma foi, je... Je crois que c'est quand ce n'est pas rigolo et que... ça ne parle pas de saucisse.",Oss2_Scene41_Je crois que c'est quand ce n'est pas rigolo et que ça ne parle pas de saucisses.mp3
"D'accord, faisons comme ça.",OSS2_Scene5_D'accord faisons comme ça.mp3
Hubert rigole,OSS2_Scene5_Hubert rigole encore comme un con.mp3
Pas le moins du monde. Il aura fait une erreur sur la personne. Voilà tout. ,"OSS2_Scene5_Pas le moins du monde, il aura fait erreur sur la personne voila tout.mp3"
"Et toi alors, mon vieux Bill? La CIA s'intéresse à L'Amérique du Sud maintenant ?","OSS2_Scene5_Et toi alors mon vieux Bill, la CIA s'interesse à l'Amerique du sud maintenant .mp3"
"Crois moi ou non, Bill. Je suis venu ici pour les femmes et les plages. On m'en a venté les charmes et je tenais à vérifier ce qu'on dit sur les Brésiliennes.",OSS2_Scene5_Crois moi ou non Bill mais je suis venu pour les femmes et les plages.mp3
"Ravi de t'avoir revu, l'ami.",OSS2_Scene5_Ravi de t'avoir revu l'amis.mp3
Trêve de plaisanterie. Pourquoi me suivais-tu Bill?,"OSS2_Scene5_Trêve de plaisanterie,pourquoi me suivez tu Bill .mp3"
En plein dans le dos.,OSS2_Scene5_En plein dans le dos !.mp3
"N'oublions pas que de son point de vue, nous nous ressemblons tous.",OSS2_Scene5_N'oublions pas que de son point de vue nous nous ressemblons tous.mp3
"Il se trame que je suis en congé, Bill. Ni plus ni moins",OSS2_Scene5_Il se trame que je suis en congé.mp3
"Je t'appellerai, Bill, si l'office du tourisme est fermé.","OSS2_Scene5_Je t'appelerais Bill, si l'office du tourisme est fermée.mp3"
Merci mon vieux.,OSS2_Scene5_Merci mon vieux.mp3
Je n'y suis pour rien. C'est l'inexpugnable arrogance de votre beauté qui m'asperge.,OSS2_Scene6_C'est l'inexpugnable arrongance de votre beauté qui m'asperge.mp3
Mais je vous en prie.,OSS2_Scene6_Mais je vous en prie.mp3
"D'ailleurs, ne dit-on pas qu'une femme qui éclabousse un homme, c'est un peu comme la rosée d'une matinée de printemps.",OSS2_Scene6_La rosée d'une matinée de printemps.mp3
J'en cherche un en ce moment même.,OSS2_Scene7_J'en cherche un en ce moment meme.mp3
Flantier. Noël Flantier. Reporter.,"OSS2_Scene7_Flantier!Noel Flantier, reporter.mp3"
Carlotta ? ,OSS2_Scene7_Carlotta .mp3
Même pas.,OSS2_Scene7_Même pas.mp3
"Moi aussi, je vais enfiler quelque chose de confortable.",OSS2_Scene7_Moi aussi je vais enfilier qqc de comfortable.mp3
Qui pourrait bien en vouloir à Carlotta ?,OSS2_Scene7_Qui pourrait bien en vouloir à Carlotta .mp3
"Non, Flantier.",OSS2_Scene7_Nan ! Flantier.mp3
Disons que j'ai un bon pedigree.,OSS2_Scene7_Disons que j'ai un bon pedigree.mp3
Charmant voyage.,OSS2_Scene8_Charmant voyage.mp3
Bonjour.,OSS2_Scene9_Bonjour ....mp3
"La secrétaire de qui, alors ?",OSS2_Scene9_Vous etes la secretaire de qui alors.mp3
Enchanté. Noël Flantier. Je fais un reportage sur le Brésil pour un journal du soir.,"OSS2_Scene9_Enchanté, Noel Flantier, je vais un reportage sur le Brésil pour un journal du soir.mp3"
Juste cent dix-sept.,OSS2_Scene9_Juste 117.mp3
"Rechercher un nazi avec des juifs, quelle drôle d'idée!","OSS2_Scene9_Rechercher un nazi avec des juifs, quelle drole d'idée.mp3"
J'écoute.,OSS2_Scene9_ Hum Hum J'écoute.mp3
Je suis .... Enchanté,OSS2_Scene9_Je suis .... Enchanté.mp3
"Je leur dis ""je suis ravid'avoir une secrétaire aussi jolie"".",OSS2_Scene9_Nan mais je leur dit que je suis ravi d'avoir une secretaire aussi jolie.mp3
"Oui. Enfin, le meilleur... C'est pas à moi de le dire. Déjà. Et vous savez, comme je dis souvent","OSS2_Scene9_Oui! Enfin le meilleur c'est pas a moi de le dire, et vous savez comme je le dis souvent.mp3"
Le...?,OSS2_Scene9_Le.mp3
"En réalité, on dit cent dix-sept. Et en plus, moi je vous dis ça mais moi c'est Flantier, Monsieur Flantier.","OSS2_Scene9_On dit 117, mais moi je vous dit ça c'est Flantier, Mr Flantier.mp3"
Mais enfin il va les reconnaître.,OSS2_Scene9_Mais enfin il va les reconnaitre.mp3
"Attendez, je n'ai rien dit de...",OSS2_Scene9_Attendez je n'ai rien de ....mp3
Je suis ravi d'avoir une secrétaire aussi jolie,OSS2_Scene9_Je suis ravi d'avoir une secretaire aussi jolie.mp3
"Je sais pas. Le nez, déjà... Les oreilles, les doigts,les yeux...",OSS2_Scene9_Je sais pas le nez deja .....mp3
On en reparlera quand il faudra porter quelque chose de lourd.,OSS2_Scene9_On en reparlera quand faudra porter qqc de lourd.mp3
